phase,time_in_cycle,pressure_mmhg,epi,trans,endo,pred_twist_deg,pred_height_mm,pred_volume_mL
0.0,0.0,12.0,247.60957538827194,244.8295318590453,236.76684785691683,-0.7893786854041522,69.99957078111653,120.01421188233198
0.010101,0.010101,13.194179,247.58288244134494,244.88457147743821,236.39400694048447,-1.2404128785764286,69.8851225971373,120.4994252749895
0.020202,0.020202,12.537898,247.3826095118152,245.11650555849985,236.0185308961793,-1.3161594904055605,69.50967718949003,120.16289114477141
0.030303,0.030303,12.073105,246.8384700314761,245.4083605824519,235.59120336145537,-0.9857371348249515,68.93219531125001,119.62551964881541
0.040404,0.040404,13.841749,245.83303279129336,245.40294095683288,235.03017898483222,-0.3982907459261824,68.2477049933764,119.26669500986185
0.050505,0.050505,19.456531,244.37026855469816,244.8315542581523,234.28373534229638,0.21950062689820982,67.58844534661014,119.2697189604637
0.060606,0.060606,28.58946,242.58056940146554,243.74556277861666,233.3759121190767,0.7556119575862752,66.98901413274368,119.12260775713398
0.070707,0.070707,40.313256,240.6365360731178,242.42945786054116,232.3931898217322,1.2134623791533201,66.46256325669387,118.54069602905017
0.080808,0.080808,53.454956,238.65616060486872,241.11873865877183,231.43376309585508,1.6701409835522796,65.99230152676677,117.5944809207858
0.090909,0.090909,66.834066,236.68263346557933,239.8080250764339,230.5694966448975,2.191104652023988,65.53915516486562,116.44437206642755
0.10101,0.10101,79.608696,234.73669261821777,238.31162569805622,229.84319992992295,2.7740267592520595,65.07864654355089,115.15898528007082
0.111111,0.111111,90.941824,232.86190966401864,236.4866638457755,229.2813829929859,3.3894467216800237,64.59617068777956,113.69181340892126
0.121212,0.121212,99.435191,231.11057266385114,234.3867634885979,228.89303563451742,4.053634031003568,64.06339420220402,111.73459546798142
0.131313,0.131313,103.958228,229.49677935901568,232.21467748388665,228.65377696050052,4.8159192511420486,63.46363590429736,108.82487878020646
0.141414,0.141414,106.032255,227.97712185662027,230.16549390034828,228.50138078496698,5.651994299986335,62.851323268409004,105.48658448504857
0.151515,0.151515,107.838254,226.47990547384228,228.33439075939611,228.35744427621879,6.501858992795661,62.26100371357539,102.56732075214755
0.161616,0.161616,109.749091,224.94822749431117,226.73400704980642,228.15942517756324,7.344975488268503,61.65993517456351,100.1206322401772
0.171717,0.171717,111.48995,223.35741955982886,225.337271445185,227.8789671226254,8.172642220237996,61.02071800565486,97.9212755379746
0.181818,0.181818,113.059766,221.7071367810318,224.09061272128076,227.51943959674324,8.969229810215658,60.347994865157204,95.87698646215307
0.191919,0.191919,114.553319,220.01118212550944,222.92490448992598,227.1013742826487,9.719874819255821,59.659665044628916,93.9584758660454
0.20202,0.20202,115.958469,218.2918672235985,221.7871159334463,226.64693641066836,10.41465066805619,58.972517206667845,92.12364638574812
0.212121,0.212121,117.219283,216.5695632705019,220.66482565377052,226.1703638126882,11.049016859510175,58.2981296285079,90.34899385224811
0.222222,0.222222,118.295463,214.8483452326579,219.57541368203513,225.67665119886738,11.627004464033924,57.64059008453364,88.62976351481035
0.232323,0.232323,119.160746,213.111566764253,218.53437075813437,225.16640114628242,12.160752504854052,56.997654675015085,86.94904321513954
0.242424,0.242424,119.843913,211.33179949166157,217.53785518129146,224.6414303596938,12.662964470094664,56.3668701363296,85.2987843771384
0.252525,0.252525,120.398265,209.482382793935,216.5695976827599,224.10675315723287,13.142457410305731,55.74886568906566,83.68331293261812
0.262626,0.262626,120.861253,207.54354317063627,215.60018660496075,223.57184508323482,13.603481803434569,55.147992185433054,82.1031414044379
0.272727,0.272727,121.260979,205.52409361123304,214.5397598384993,223.06055644559092,14.042621742640854,54.57699084296133,80.54096854805223
0.282828,0.282828,121.614369,203.52048697194095,213.17253948059437,222.62909010623517,14.446303707474193,54.065642627744715,78.95987021027457
0.292929,0.292929,121.91857,201.76412768966696,211.20581751335038,222.36292368396056,14.799783652955497,53.65805362704677,77.3747769967164
0.30303,0.30303,122.034988,200.54283928363316,208.5337908475725,222.31989759726827,15.096307520865736,53.385087037713596,75.91281497599277
0.313131,0.313131,121.76316,200.0,205.52069829776707,222.4551895250913,15.311525295613244,53.23977814209487,74.77964655691005
0.323232,0.323232,121.061433,200.0,202.91180338646285,222.62363393921046,15.397075433775804,53.17865496401046,74.02393652062688
0.333333,0.333333,119.982738,200.0,202.0,222.66685133974158,15.434163598314562,53.14631824616641,73.3702738982442
0.343434,0.343434,118.567861,200.0,202.0,222.4692065624537,15.298062998624374,53.05505353407491,72.50413024931272
0.353535,0.353535,116.836376,200.0,202.79719063645962,221.95035734541068,14.92161520570631,52.86337146891803,71.41409127948147
0.363636,0.363636,114.652517,200.0,205.49999771759508,221.11041240001805,14.36490133733681,52.61255117451169,70.44773340729435
0.373737,0.373737,111.774845,201.0893998175561,208.73214989210052,220.12977275651872,13.393001732139986,52.41351329716159,70.01816993971354
0.383838,0.383838,107.935787,203.18642142100686,211.67175996741244,219.34285180952702,12.241331384580327,52.37251408845734,70.09352873063858
0.393939,0.393939,102.703363,205.83373438495138,213.89416516387774,219.04839256360896,11.15999549663833,52.55531128290039,70.36876165470474
0.40404,0.40404,93.544794,208.55776201547167,215.4209057799034,219.35529525143275,10.370978001539157,52.872090350853156,70.19764375153395
0.414141,0.414141,76.767358,211.19922818309152,216.4123975074073,220.1805381133839,9.975288049117708,53.09695175890421,69.72750712245005
0.424242,0.424242,54.910161,213.8101576114512,217.03949873453413,221.32052994980555,9.836998311610323,53.165354334484334,70.10122926367316
0.434343,0.434343,35.239589,216.3400230942818,217.5164398576329,222.52558395763467,9.709692563003223,53.27225830389668,70.48672927036759
0.444444,0.444444,21.743159,218.55875858354887,217.9968647443634,223.58551972722177,9.49178299391857,53.544630326714895,70.25333636181003
0.454545,0.454545,15.422292,220.26067503517908,218.44423233130917,224.41022544688013,9.21675040009844,54.00835485649995,70.28230130213849
0.464646,0.464646,14.34912,221.46636755152798,218.72512588629854,225.04607418369426,8.955580412650768,54.59646355725458,70.98107215542558
0.474747,0.474747,14.241259,222.40241614932486,218.80540369785336,225.60796274676278,8.765002632015829,55.15415797328204,71.6205285073957
0.484848,0.484848,13.427963,223.3113015057826,218.78582803425388,226.18494939679402,8.604284401307247,55.68296418425129,72.00066227436741
0.494949,0.494949,12.700184,224.3010245213897,218.78472354685576,226.79665213245244,8.39636083803579,56.27052247837858,72.47788498083095
0.505051,0.505051,12.345067,225.34735704475634,218.8510037920854,227.41653349108086,8.129252941594245,56.91220732538129,73.16170236611802
0.515152,0.515152,12.076157,226.3833464515483,218.9760460105429,228.01552530381252,7.838315891616745,57.553398333745534,73.92929481652598
0.525253,0.525253,11.772291,227.36565905573758,219.13963406583687,228.58198273965218,7.554011692519346,58.165503036281535,74.70078102385227
0.535354,0.535354,11.505005,228.2837363831483,219.33356583578905,229.11536766092104,7.2855301154932235,58.74748112948012,75.48033555603948
0.545455,0.545455,11.307149,229.14084202317227,219.56274413255846,229.61337306864436,7.029943870447148,59.299004392902745,76.28068617073991
0.555556,0.555556,11.160253,229.93779954239153,219.83952039561603,230.0660693359835,6.780707661422255,59.81134408375339,77.1025533303779
0.565657,0.565657,11.048751,230.6700709209231,220.17697065101817,230.4596862939068,6.532114227506312,60.2719570674342,77.94369925683662
0.575758,0.575758,10.963318,231.33557803935693,220.58192444973983,230.7867270137099,6.281622940580654,60.67343605326052,78.80180623726645
0.585859,0.585859,10.89434,231.94321473991803,221.05041486149588,231.0544934351527,6.029943032826026,61.021454550917866,79.67685751779587
0.59596,0.59596,10.831595,232.51157611265594,221.56803839514862,231.2837097423488,5.780429205904078,61.333779020866984,80.57047627853248
0.606061,0.606061,10.770423,233.05817641400014,222.1147523407012,231.49738085468454,5.538208434234242,61.63017910550606,81.48156208330926
0.616162,0.616162,10.713267,233.5911346575811,222.6725432453361,231.70964415343852,5.307875975853243,61.92253854520503,82.40425215994242
0.626263,0.626263,10.662125,234.11318032079794,223.2351294532346,231.923765834076,5.089308447303296,62.21407117701153,83.33614891587973
0.636364,0.636364,10.617778,234.63320227966085,223.8154259555795,232.13865323476608,4.874069596764862,62.506997808525014,84.29539780108792
0.646465,0.646465,10.580949,235.16963325651972,224.44018524658367,232.3552367213049,4.647796101986891,62.807976197242695,85.321530544254
0.656566,0.656566,10.552371,235.73653199697324,225.12588608465165,232.5756203787665,4.399951573771716,63.1234462599407,86.44327651211778
0.666667,0.666667,10.531286,236.32316890469625,225.85007888914595,232.79681055339037,4.134273759792528,63.44900089544454,87.63276166542882
0.676768,0.676768,10.514748,236.88908773253104,226.54593019524322,233.00726859752513,3.870066976626063,63.76497983033708,88.7917106002721
0.686869,0.686869,10.502844,237.38368551822526,227.1324686672365,233.19151787481098,3.63164337307515,64.04533858424922,89.79560374281725
0.69697,0.69697,10.500686,237.77568764139562,227.56110116665457,233.33955640577994,3.43457588367464,64.27310188169594,90.56613652542491
0.707071,0.707071,10.510795,238.06888154977526,227.842827738266,233.453117439569,3.2800042438995263,64.44925338390186,91.11324607648933
0.717172,0.717172,10.530646,238.2934723122711,228.03584002709445,233.5438088909649,3.1595247180756587,64.58903052428542,91.51742491735394
0.727273,0.727273,10.558666,238.4833012937076,228.2059055473312,233.6252489254822,3.063959887661447,64.71041552677087,91.87259085940646
0.737374,0.737374,10.595793,238.65846259783595,228.3917606721846,233.70576242039743,2.9879217748562183,64.82446989652173,92.2355574169544
0.747475,0.747475,10.641155,238.82353736127487,228.5971001907115,233.7863792313628,2.9281041032485007,64.9334943491128,92.61370476180532
0.757576,0.757576,10.690042,238.9761656522759,228.8051346791396,233.8637253913472,2.8798038120117866,65.03532169867563,92.98581790502007
0.767677,0.767677,10.739613,239.11522913924352,228.9982414718909,233.93426357694455,2.836278293143053,65.12844676625174,93.33128099057333
0.777778,0.777778,10.791531,239.2433825172939,229.16973086539738,233.99683524641046,2.7912894854289476,65.21399042860075,93.64564737535042
0.787879,0.787879,10.846661,239.36504462717107,229.32451279215323,234.05263660272874,2.7419499047991565,65.29436006118145,93.9379230091063
0.79798,0.79798,10.903116,239.48296561567759,229.47153903922458,234.10364035342508,2.6894143760972256,65.37116184702829,94.21910061842814
0.808081,0.808081,10.959049,239.59611165123852,229.61386704959796,234.1512787540918,2.6374974367488235,65.444333039064,94.49104572581693
0.818182,0.818182,11.013481,239.70091997376755,229.74378278282296,234.19665110995663,2.5902101130187205,65.5131967263674,94.74289786265268
0.828283,0.828283,11.06724,239.79633346523806,229.8495575309373,234.2417718539549,2.5485465436030807,65.57911775513224,94.9627134196624
0.838384,0.838384,11.125121,239.8901433943895,229.9356940394337,234.28983414924193,2.507529953589419,65.64749477694451,95.1641430980991
0.848485,0.848485,11.189745,240.00211744623408,230.04889196625638,234.34321684450845,2.4562320486962435,65.72611683531792,95.4127039307472
0.858586,0.858586,11.256968,240.16081204235115,230.28907482385674,234.40129917837598,2.3818787099542718,65.82154531194172,95.83255918016569
0.868687,0.868687,11.322815,240.39558568336895,230.7811750934441,234.4626225235789,2.2756379326581992,65.93891875310022,96.57624752823227
0.878788,0.878788,11.386462,240.72859058858268,231.6079456902201,234.53248602099725,2.1361626235977837,66.08686503578964,97.755982359955
0.888889,0.888889,11.447715,241.1698740879615,232.74981715310622,234.6286239435728,1.9682646071461534,66.2819123654736,99.3789271000486
0.89899,0.89899,11.506721,241.7156240286322,234.0922386318397,234.7752451388592,1.778534035640618,66.5438178904759,101.34482035794271
0.909091,0.909091,11.563437,242.34992229841447,235.5050269932802,234.98720560112443,1.572306364823227,66.88251281964811,103.5172594419557
0.919192,0.919192,11.617081,243.05094696494268,236.92396405559737,235.25906304238248,1.353269669298811,67.28967800436213,105.81123954242
0.929293,0.929293,11.667575,243.79797873653723,238.36216872078649,235.56940268204534,1.1240250172184076,67.74373169877936,108.21930284802744
0.939394,0.939394,11.71747,244.57107093849112,239.84896354274096,235.8937653968072,0.8875211018253353,68.22059777754124,110.75333655642397
0.949495,0.949495,11.768556,245.34061914938573,241.35534556029737,236.21204855396076,0.6505974742838134,68.69666325499809,113.35006995554029
0.959596,0.959596,11.818383,246.05594498038556,242.76515866060458,236.50556985434355,0.42761632887651757,69.14233833736579,115.81626342922257
0.969697,0.969697,11.864668,246.6475471375049,243.90957973994395,236.75178979666765,0.23965877504608812,69.51802635948646,117.86340854646988
0.979798,0.979798,11.908854,247.0524376359844,244.64696780433545,236.92822794470882,0.1065963884368557,69.78506764955668,119.23247506568072
0.989899,0.989899,11.953209,247.25716323538188,244.95514103823436,237.02845568466006,0.03357946753961727,69.9323617031303,119.8641486527701
1.0,1.0,12.0,247.3300309320009,244.9854379518696,237.07743121727276,0.0004275712941961274,69.99946116874257,120.01151827782851
