time,twist,height,volume,pressure
0.0,0.0,0.0,120.0,13.0
0.002506265664160401,-0.02451266865340079,-0.010298824742835819,120.0,20.55889848127336
0.005012531328320802,-0.04797680995795059,-0.02131975338819883,120.0,27.80208833473588
0.007518796992481203,-0.07009656755495866,-0.033021074155277746,120.0,34.60581117632495
0.010025062656641603,-0.09057608508573428,-0.045361075263261275,120.0,40.84630862197793
0.012531328320802004,-0.10911950619158674,-0.05829804493133813,120.0,46.399822287632205
0.015037593984962405,-0.12543097451382532,-0.07179027137869702,120.0,51.142593789225145
0.017543859649122806,-0.13921463369375925,-0.08579604282452664,120.0,54.95086474269411
0.020050125313283207,-0.15017462737269785,-0.10027364748801573,120.0,57.70087676397649
0.022556390977443608,-0.15916317248447986,-0.1150483176978045,119.98990910910426,59.60002800276903
0.02506265664160401,-0.1678499817164574,-0.1300458648076537,119.95556886887738,61.19026013790195
0.02756892230576441,-0.17600687855522454,-0.14555534689375121,119.90178936451923,62.5385145552569
0.03007518796992481,-0.18337395163332118,-0.16187065456195032,119.83367804204005,63.703162556160486
0.03258145363408521,-0.18969128958328726,-0.17928567841810417,119.75634234745013,64.74257544193928
0.03508771929824561,-0.19469898103766275,-0.19809430906806602,119.67488972675974,65.71512451391987
0.03759398496240601,-0.19813711462898756,-0.2185904371176891,119.59442762597916,66.67918107342885
0.040100250626566414,-0.19974577898980164,-0.24106795317282653,119.52006349111865,67.69311642179282
0.042606516290726815,-0.19758062766819875,-0.26642878831666617,119.45353878887482,68.77975661462645
0.045112781954887216,-0.18755225909613027,-0.2961984581988781,119.38775817677461,69.8656050338057
0.047619047619047616,-0.17077769361629633,-0.32987030583417637,119.32141791830718,70.9352797546959
0.05012531328320802,-0.14866580105179353,-0.3668281411538476,119.25367121003538,71.97814076076413
0.05263157894736842,-0.12262545122571843,-0.4064557740891781,119.18367124852202,72.98354803547755
0.05513784461152882,-0.09406551396116758,-0.44813701457145466,119.11057123032995,73.94086156230324
0.05764411027568922,-0.06439485908123761,-0.49125567253196367,119.03352435202201,74.83944132470832
0.06015037593984962,-0.03502235640902504,-0.5351955579019918,118.95168381016104,75.6686473061599
0.06265664160401002,-0.006026895391253963,-0.5798354468743768,118.86421524461723,76.42502779609929
0.06516290726817042,0.027361417521660762,-0.6269786700678888,118.77074532490107,77.13636755914025
0.06766917293233082,0.06475168622783077,-0.6766705368256222,118.67141560067628,77.80937268439443
0.07017543859649122,0.10501464528265074,-0.7286904819171723,118.56639159473119,78.44713218046022
0.07268170426065163,0.14702102924151544,-0.7828179401121345,118.4558388298542,79.05273505593598
0.07518796992481203,0.18964157265981946,-0.8388323461801037,118.33992282883362,79.62927031942014
0.07769423558897243,0.23174701009295767,-0.8965131348906754,118.21880911445781,80.17982697951113
0.08020050125313283,0.2722080760963246,-0.9556397410134448,118.09266320951512,80.70749404480729
0.08270676691729323,0.31013390285429226,-1.0161708145445805,117.96117181788203,81.21298470311118
0.08521303258145363,0.3468006419740203,-1.0793070434464915,117.8208549341144,81.68235291206993
0.08771929824561403,0.3828116688744682,-1.1450542876665004,117.67169495247404,82.12070813517792
0.09022556390977443,0.41842140048133336,-1.2130941131270523,117.5145649909908,82.5377481291469
0.09273182957393483,0.4538842537203131,-1.283108085750591,117.35033816769455,82.94317065068864
0.09523809523809523,0.4894546455171048,-1.354777771459562,117.17988760061513,83.34667345651494
0.09774436090225563,0.5253869927974059,-1.4277847361764096,117.00408640778242,83.75795430333751
0.10025062656641603,0.5619357124869133,-1.501810545823578,116.82380770722625,84.18671094786816
0.10275689223057644,0.599329540336941,-1.5765840399285052,116.6396680848002,84.64273594173517
0.10526315789473684,0.6373038662413235,-1.6526865188366895,116.44810239696059,85.13171112067066
0.10776942355889724,0.6757006659199537,-1.730373820458511,116.24834272246326,85.6451554649693
0.11027568922305764,0.7144991293002905,-1.8096320083506012,116.04122221953742,86.17225009068775
0.11278195488721804,0.7536784463097926,-1.89044714606959,115.82757404641228,86.70217611388262
0.11528822055137844,0.7932178068759189,-1.9728052971721095,115.60823136131705,87.22411465061046
0.11779448621553884,0.8330964009261281,-2.05669252521479,115.384027322481,87.7272468169279
0.12030075187969924,0.8732934183878794,-2.1420948937542623,115.15579508813336,88.20075372889156
0.12280701754385964,0.9137907381722592,-2.2290115180484786,114.92432404113228,88.63418902279217
0.12531328320802004,0.9547212882937252,-2.3181471172695116,114.68768065341172,89.04174669115719
0.12781954887218044,0.9961195240593446,-2.40964492469334,114.44473451561609,89.43523898584812
0.13032581453634084,1.0379172865630515,-2.503134608809762,114.19587727815366,89.81435199392978
0.13283208020050125,1.0800464168987796,-2.598245838108576,113.94150059143257,90.17877180246705
0.13533834586466165,1.122438756160463,-2.6946082810795815,113.68199610586109,90.52818449852477
0.13784461152882205,1.1650261454420354,-2.791851606212577,113.41775547184739,90.86227616916777
0.14035087719298245,1.20774042583743,-2.88960548199736,113.14917033979968,91.18073290146091
0.14285714285714285,1.2505134384412773,-2.9874995769270396,112.87663236011979,91.48324078247676
0.14536340852130325,1.29348781685136,-3.0861838821588714,112.59863775842003,91.77195553064875
0.14786967418546365,1.3367934158334143,-3.186314705357552,112.31394327350532,92.04941611595063
0.15037593984962405,1.3803429814013815,-3.287531538109833,112.02333065520507,92.31588431442715
0.15288220551378445,1.424049259569202,-3.3894738720024638,111.72758165334864,92.57162190212307
0.15538847117794485,1.4678249963508179,-3.4917811986221943,111.4274780177654,92.81689065508317
0.15789473684210525,1.5115829377601695,-3.5940930095557744,111.12380149828473,93.05195234935222
0.16040100250626566,1.5552358298111988,-3.696048796389955,110.81733384473604,93.27706876097506
0.16290726817042606,1.5986964185178458,-3.797288050711485,110.50885680694869,93.4925016659964
0.16541353383458646,1.641978816906905,-3.8979893052114054,110.19800222312952,93.70387247539784
0.16791979949874686,1.685214417507877,-3.99882147674142,109.88326900571332,93.91740515078834
0.17042606516290726,1.7284001799412156,-4.099640847387014,109.56482594625301,94.12810920020199
0.17293233082706766,1.771530531041881,-4.200289443438423,109.24287173480087,94.33082714842651
0.17543859649122806,1.8145998976448328,-4.300609291185879,108.9176050614092,94.52040152024973
0.17794486215538846,1.8576027065850316,-4.400442416919617,108.58922461613035,94.69167484045938
0.18045112781954886,1.9005333846974368,-4.499630846929871,108.2579290890166,94.83948963384327
0.18295739348370926,1.9433863588170086,-4.598016607506874,107.92391717012026,94.95868842518914
0.18546365914786966,1.9862038704481353,-4.695743122336644,107.58691872858554,95.05339302844878
0.18796992481203006,2.0290813348355883,-4.793425030187596,107.24594281624478,95.14511777114444
0.19047619047619047,2.071958606774184,-4.890834273804401,106.90132160828809,95.23235628729246
0.19298245614035087,2.11476704783669,-4.987693032358115,106.55346502377188,95.31215012717568
0.19548872180451127,2.1574380195958733,-5.083723485019784,106.20278298175258,95.381540841077
0.19799498746867167,2.1999028836245005,-5.178647810960464,105.84968540128656,95.4375699792793
0.20050125313283207,2.242093001495339,-5.272188189351205,105.4945822014303,95.47727909206544
0.20300751879699247,2.283939734781156,-5.364066799363055,105.13788330124018,95.49770972971831
0.20551378446115287,2.325402151156368,-5.454217214288493,104.77943661310434,95.49982989651502
0.20802005012531327,2.3665731422068728,-5.543383734341567,104.41726763879859,95.49982265309333
0.21052631578947367,2.4074822481462164,-5.631542135541798,104.0518964797191,95.4998086504573
0.21303258145363407,2.448146015321677,-5.718553394097609,103.68417322855073,95.4997878908517
0.21553884711779447,2.4885809900805365,-5.804278486217419,103.31494797797819,95.49976037652138
0.21804511278195488,2.5288037187700736,-5.888578388109649,102.94507082068634,95.49972610971113
0.22055137844611528,2.5688307477375676,-5.971314075982719,102.57539184935993,95.49968509266577
0.22305764411027568,2.6086786233303,-6.052346526045048,102.20676115668375,95.49963732763013
0.22556390977443608,2.648348689473553,-6.131616356312219,101.83956978752042,95.4973587258823
0.22807017543859648,2.687745184714696,-6.209643868374552,101.4709940807261,95.476028775705
0.23057644110275688,2.726888320873695,-6.2864681573803125,101.1012092703168,95.43509927225689
0.23308270676691728,2.7658271222911703,-6.361988736713992,100.73121538005579,95.37817480439013
0.23558897243107768,2.8046106133077457,-6.436105119760086,100.36201243370631,95.3088599609569
0.23809523809523808,2.8432878182640438,-6.508716819903085,99.99460045503166,95.23075933080933
0.24060150375939848,2.881907761500687,-6.579723350527482,99.62997946779511,95.14747750279965
0.24310776942355888,2.9205194673582966,-6.649024225017771,99.26914949575993,95.06261906578001
0.24561403508771928,2.959181602618999,-6.716558745374679,98.91301150358314,94.9789779195621
0.24812030075187969,2.9980567643028664,-6.782895205563799,98.56052317009515,94.88562757486108
0.2506265664160401,3.0370789769936777,-6.848123239127624,98.21095806856863,94.77929424346605
0.2531328320802005,3.076105700120439,-6.912078314846069,97.86410608275685,94.66160345760852
0.2556390977443609,3.114994393112158,-6.974595901499052,97.51975709641316,94.53418074951995
0.2581453634085213,3.1536025153978398,-7.035511467866489,97.17770099329086,94.39865165143178
0.2606516290726817,3.1917875264064914,-7.094660482728297,96.83772765714328,94.25664169557554
0.2631578947368421,3.2294068855671174,-7.15187841486439,96.49962697172373,94.10977641418268
0.2656641604010025,3.266328898323817,-7.207016545200629,96.16320713277118,93.95956341654663
0.2681704260651629,3.3030519197497874,-7.260851682260009,95.82931312045557,93.8004023977806
0.2706766917293233,3.3397417417053226,-7.313696995137101,95.49814669333506,93.62952769230951
0.2731829573934837,3.3761625966809823,-7.365284162082415,95.16921646721977,93.44839463654189
0.2756892230576441,3.4120787171673266,-7.415344861346456,94.84203105791968,93.2584585668863
0.2781954887218045,3.447254335654917,-7.463610771179733,94.51609908124489,93.06117481975127
0.2807017543859649,3.481453684634313,-7.509813569832752,94.19092915300546,92.85799873154532
0.2832080200501253,3.5144409965960755,-7.553684935556023,93.86602988901141,92.650385638677
0.2857142857142857,3.545980504030931,-7.5949565466049025,93.54090990505702,92.43979087752625
0.2882205513784461,3.575940252564565,-7.633816973026096,93.21417384132742,92.22516473905975
0.2907268170426065,3.6045518223805395,-7.670788829051737,92.8856772662286,92.00423941716653
0.2932330827067669,3.63212475663561,-7.706105114484018,92.5568043559929,91.77664159816095
0.2957393483709273,3.658968598486528,-7.739998829125123,92.22893928685265,91.54199796835738
0.2982456140350877,3.6853928910900486,-7.772702972777242,91.90346623504021,91.29993521407023
0.3007518796992481,3.7117071776029236,-7.804450545242559,91.58176937678792,91.05008002161388
0.3032581453634085,3.738221001181907,-7.835474546323263,91.26523288832809,90.79205907730268
0.3057644110275689,3.765243904983752,-7.8660079758215415,90.95524094589311,90.52549906745104
0.3082706766917293,3.7924145347429388,-7.895953873860659,90.65120398613473,90.24971013407664
0.3107769423558897,3.8189407451926627,-7.924937534214873,90.3505483885536,89.96387910616417
0.3132832080200501,3.8451731294181726,-7.953097956802394,90.05353676884965,89.66779061340353
0.3157894736842105,3.871481065075036,-7.980582991394865,89.7604827764307,89.36123862022502
0.3182957393483709,3.8982339298188218,-8.007540487763924,89.47170006070458,89.04401709105892
0.3208020050125313,3.925801101305099,-8.034118295681218,89.18750227107911,88.71591999033552
0.3233082706766917,3.954551957189436,-8.060464264918384,88.90820305696212,88.37674128248514
0.3258145363408521,3.9848558751274012,-8.086726245247064,88.63411606776145,88.02627493193806
0.3283208020050125,4.017217003511199,-8.112892133102752,88.36396598728957,87.66367271037001
0.3308270676691729,4.051948110992779,-8.138638287059601,88.09445580412331,87.28695341122175
0.3333333333333333,4.088576528193307,-8.164026927678075,87.82720999641407,86.89580449886623
0.3358395989974937,4.126596064301428,-8.18914507841351,87.56412927862164,86.49001629478308
0.3383458646616541,4.1655005285057936,-8.21407976272124,87.30711436520576,86.069379120452
0.3408521303258145,4.204783729995044,-8.238918004056613,87.05806597062625,85.6336832973526
0.3433583959899749,4.243939477957829,-8.263746825874955,86.81888480934283,85.18271914696456
0.3458646616541353,4.282461581582793,-8.288653251631612,86.59147159581529,84.71627699076753
0.3483709273182957,4.3204011520669345,-8.314004110166579,86.37519982967366,84.23186467698932
0.3508771929824561,4.359686836742425,-8.340806962455789,86.16088134458298,83.72046128690924
0.3533834586466165,4.399870117720574,-8.368466570505412,85.95004332825926,83.1843553924321
0.3558897243107769,4.4401806764186045,-8.396203660223568,85.74566870985399,82.6272399133914
0.3583959899749373,4.4798481942537345,-8.423238957518366,85.55074041851859,82.05280776962067
0.3609022556390977,4.5181023526431865,-8.448793188297923,85.36824138340454,81.46475188095343
0.3634085213032581,4.554172833004181,-8.472087078470352,85.20115453366331,80.8667651672232
0.3659147869674185,4.587289316753936,-8.492341353943772,85.05246279844637,80.26254054826352
0.3684210526315789,4.6169996729224225,-8.509247894529361,84.92317388773787,79.65512274911482
0.37092731829573933,4.645310157568658,-8.52587806142749,84.79997505017225,79.04100281014436
0.37343358395989973,4.672559563754633,-8.542369964586666,84.68157886619721,78.41731736208585
0.37593984962406013,4.698552178541829,-8.558028522179896,84.57016647929659,77.78204457870933
0.37844611528822053,4.723092288991727,-8.57215865238018,84.46791903295426,77.1331626337849
0.38095238095238093,4.7459841821658095,-8.58406527336052,84.37701767065404,76.46864970108258
0.38345864661654133,4.767032145125559,-8.593053303293926,84.29964353587977,75.78648395437246
0.38596491228070173,4.786040464932456,-8.598427660353394,84.23797777211527,75.0846435674246
0.38847117794486213,4.80295392561243,-8.59969175069053,84.1934435028599,74.36520907479593
0.39097744360902253,4.81984258503737,-8.59976502672336,84.15481128319719,73.68703330224182
0.39348370927318294,4.836866549612183,-8.599828421805245,84.1184036035676,73.04093869523625
0.39598997493734334,4.853259668936097,-8.599881911024402,84.08517434205433,72.38907159491548
0.39849624060150374,4.8682557926083385,-8.599925469469044,84.05607737674057,71.69357834241569
0.40100250626566414,4.881088770228136,-8.599959072227382,84.03206658570953,70.91660527887313
0.40350877192982454,4.890992451394712,-8.599982694387629,84.0140958470444,70.02029874542401
0.40601503759398494,4.897200685707299,-8.599996311037996,84.00311903882836,68.96680508320455
0.40852130325814534,4.898836729852914,-8.599912406715944,84.0,67.70980084429502
0.41102756892230574,4.889151703503217,-8.594626325991154,84.0,65.74656233258858
0.41353383458646614,4.866445176204176,-8.581900878377269,84.0,62.94075508788922
0.41604010025062654,4.833415279708515,-8.562769624012073,84.0,59.48915332867328
0.41854636591478694,4.792760145768947,-8.538266123033349,84.0,55.58853127341714
0.42105263157894735,4.747177906138193,-8.509423935578884,84.0,51.435663140597164
0.42355889724310775,4.699366692568971,-8.477276621786462,84.0,47.22732314868973
0.42606516290726815,4.652024636814,-8.442857741793866,84.0,43.16028551617118
0.42857142857142855,4.607849870443416,-8.407200855330448,84.0,39.43132444550872
0.43107769423558895,4.563126068332678,-8.358341383058631,84.0,35.69117998852188
0.43358395989974935,4.513468190107358,-8.288221148074287,84.0,31.5975390018017
0.43609022556390975,4.460564889089894,-8.203718985014266,84.0,27.357034257800187
0.43859649122807015,4.406104818602725,-8.111713728515412,84.0,23.176298528969365
0.44110275689223055,4.351776631968293,-8.019084213214583,84.0,19.26196458776125
0.44360902255639095,4.299268982509033,-7.9327092737486256,84.0,15.820665206627835
0.44611528822055135,4.250270523547385,-7.8594677447543875,84.0,13.059033158021146
0.44862155388471175,4.20646990840579,-7.806238460868721,84.0,11.183701214393192
0.45112781954887216,4.16772979055856,-7.7690725775459235,84.01164317950733,9.849343650430654
0.45363408521303256,4.1314437132065525,-7.733174603821338,84.05150994550988,8.702944610426314
0.45614035087719296,4.097169863389529,-7.699370028068264,84.11444594870235,7.747755650550346
0.45864661654135336,4.064510171512781,-7.668766232681999,84.19495381588386,6.963063814366009
0.46115288220551376,4.033066567981599,-7.6424706000578295,84.28753617385345,6.328779488447479
0.46365914786967416,4.002440983201274,-7.62159051259105,84.38669564941019,5.825586552835166
0.46616541353383456,3.9722353475770977,-7.607233352676949,84.48693486935316,5.435145164013375
0.46867167919799496,3.9420515915143595,-7.600506502710819,84.5827564604814,5.14037233419878
0.47117794486215536,3.9119587342317086,-7.602289073427618,84.67330367448396,4.915395000264846
0.47368421052631576,3.882897521103072,-7.611439801658913,84.7685077550885,4.723593512636208
0.47619047619047616,3.854643823068308,-7.6257698808645475,84.86888387853757,4.56207503881274
0.47869674185463656,3.826900073588699,-7.64308207135488,84.97427674074048,4.429878007091828
0.48120300751879697,3.799368706125526,-7.661179133440271,85.08453103760664,4.3261053881404035
0.48370927318295737,3.771752154140073,-7.677863827431078,85.19949146504544,4.24990752464565
0.48621553884711777,3.74375285109362,-7.690938913637659,85.31900271896625,4.200470233745222
0.48872180451127817,3.7150732304474507,-7.698207152370374,85.44290949527846,4.177006379464392
0.49122807017543857,3.685491051401069,-7.697144746818294,85.57156837412789,4.176039238799869
0.49373433583959897,3.655236292046409,-7.685681741583746,85.70709598424378,4.1841817527636405
0.49624060150375937,3.624486770840462,-7.665246831548549,85.84947470799764,4.198532000169654
0.49874686716791977,3.593391600163419,-7.637572773132965,85.99839416842757,4.217693345563608
0.5012531328320802,3.562099892395475,-7.604392322757253,86.15354398857161,4.240269153491201
0.5037593984962405,3.530760759916825,-7.5674382368416735,86.31461379146783,4.2648627884981325
0.506265664160401,3.4995233151076603,-7.528443271806484,86.48129320015434,4.290077615130102
0.5087719298245614,3.468536670348176,-7.4891401840719505,86.65327183766918,4.314516997932806
0.5112781954887218,3.4379036389019437,-7.450342503506521,86.83063661005333,4.337195514051714
0.5137844611528821,3.4073572295690457,-7.4061131029667635,87.0162120732153,4.360509142969695
0.5162907268170426,3.376851345022271,-7.355953256575465,87.21015208134288,4.385064483398088
0.518796992481203,3.34641567725612,-7.300963586414851,87.41189047714242,4.4108105057604226
0.5213032581453634,3.316079918265093,-7.242244714567142,87.6208611033204,4.437696180480227
0.5238095238095237,3.2858737600436894,-7.180897263114557,87.83649780258321,4.4656704779810354
0.5263157894736842,3.2558268945864075,-7.11802185413931,88.0582344176373,4.494682368686378
0.5288220551378446,3.225969013887747,-7.054719109723626,88.28550479118908,4.5246808230197875
0.531328320802005,3.1963244840648204,-6.991917601055456,88.51797288788316,4.555647003921953
0.5338345864661653,3.1668272398696797,-6.9275264470371605,88.75894390099843,4.5880717419650265
0.5363408521303258,3.137460624739146,-6.860823266308973,89.00897053175342,4.622061471902314
0.5388471177944862,3.108240020465881,-6.792090404149426,89.26713904814567,4.657517571967343
0.5413533834586466,3.079180808842545,-6.72161020583705,89.53253571817275,4.694341420393643
0.5438596491228069,3.0502983716617953,-6.649665016650374,89.80424680983221,4.732434395414746
0.5463659147869674,3.021608090716291,-6.576537181867922,90.08135859112157,4.7716978752641825
0.5488721804511278,2.9931253477986925,-6.502509046768226,90.36295733003841,4.8120332381754825
0.5513784461152882,2.964864038076602,-6.42783377603821,90.64819907539616,4.853352679741946
0.5538847117794485,2.9367532550320705,-6.3511119956106326,90.9403416148424,4.896201003662652
0.556390977443609,2.908771956838261,-6.2719595141122,91.24066948477703,4.940807304419267
0.5588972431077694,2.8809548425478666,-6.191093016400083,91.54791893991015,4.987003822973491
0.5614035087719298,2.853336611213581,-6.109229187331453,91.86082623495183,5.034622800287018
0.5639097744360901,2.825951961888097,-6.027084711763469,92.17812762461217,5.083496477321548
0.5664160401002506,2.798835593624106,-5.945376274553298,92.49855936360133,5.133457095038781
0.568922305764411,2.7720222054743004,-5.864820560558111,92.82085770662933,5.184336894400414
0.5714285714285714,2.745546496491377,-5.7861342546350745,93.1437589084063,5.235968116368142
0.5739348370927317,2.719400665077115,-5.70898807551231,93.46976480389885,5.2888265312365474
0.5764411027568922,2.693541775948578,-5.6325373713185565,93.80124957147203,5.343339464315167
0.5789473684210527,2.667951862239899,-5.556726712349823,94.13675408332412,5.399265816164386
0.581453634085213,2.642612957086197,-5.481500668928952,94.47481921154233,5.456364487325406
0.5839598997493733,2.617507093622591,-5.40680381137878,94.81398582821396,5.514394378339435
0.5864661654135338,2.5926163049841966,-5.332580710022142,95.15279480542623,5.573114389747681
0.5889724310776943,2.567922624306133,-5.258775935181881,95.48978701526636,5.632283422091343
0.5914786967418546,2.5434080847235214,-5.185334057180839,95.8235033298216,5.691660375911628
0.593984962406015,2.519081434772626,-5.1121267851969066,96.15533767147318,5.751541561918488
0.5964912280701754,2.4949726834835695,-5.039088276625023,96.4887085843712,5.812572412220186
0.5989974937343359,2.4710692741185887,-4.966357166010701,96.82230838240838,5.874484446455979
0.6015037593984962,2.447357922512816,-4.894074785571804,97.15475023726006,5.936994085677649
0.6040100250626566,2.423825344501379,-4.82238246752619,97.48464732060161,5.9998177509369865
0.606516290726817,2.4004582559194056,-4.751421544091718,97.81061280410842,6.062671863285776
0.6090225563909775,2.377243372602028,-4.681333347486251,98.1312598594558,6.125272843775803
0.6115288220551378,2.3541674103843757,-4.612259209927653,98.4452016583191,6.187337113458846
0.6140350877192982,2.3311992878275416,-4.544135745286723,98.75291584410955,6.24896512925557
0.6165413533834586,2.3083030026452693,-4.476531975764237,99.05830935510456,6.310940534700737
0.6190476190476191,2.285515609428883,-4.4095419468980825,99.36059007439421,6.373055593594228
0.6215538847117794,2.2628777453019806,-4.343292271917516,99.65867153830317,6.435041297774716
0.6240601503759398,2.240430047388156,-4.277909564051789,99.95146728315592,6.4966286390808765
0.6265664160401002,2.2182131528110043,-4.213520436530154,100.23789084527708,6.557548609351384
0.6290726817042607,2.1962676986941223,-4.150251502581869,100.51685576099118,6.61753220042491
0.631578947368421,2.1746343221611064,-4.0882293754361925,100.78727556662277,6.676310404140126
0.6340852130325814,2.1533103311463293,-4.027405538019925,101.04908307422207,6.733841936032146
0.6365914786967418,2.132142164892589,-3.967148045912217,101.30599784115819,6.790922613322678
0.6390977443609023,2.1111542743879426,-3.907580181020194,101.55787404793696,6.8474725693177785
0.6416040100250626,2.090395736765678,-3.848926721088654,101.80400424808458,6.903285796673346
0.644110275689223,2.069915629159079,-3.7914124438623906,102.04368099512726,6.95815628804529
0.6466165413533834,2.049763028701433,-3.7352621270861954,102.27619684259119,7.011878036089512
0.6491228070175439,2.029987012526026,-3.680700548504868,102.50084434400253,7.064245033461917
0.6516290726817042,2.0106366577661468,-3.627952485863204,102.71691605288748,7.115051272818405
0.6541353383458646,1.9917532987518447,-3.5771962558259953,102.92414661195936,7.164196724236989
0.656641604010025,1.9732924054177094,-3.5281441354982426,103.12552571645745,7.212361667414705
0.6591478696741855,1.9552036028161657,-3.4805608802235604,103.32144467642578,7.259603515902798
0.6616541353383458,1.9374453403423197,-3.434272063853143,103.5115274713984,7.305795740706769
0.6641604010025062,1.9199760673912758,-3.389103260238185,103.69539808090941,7.350811812832125
0.6666666666666666,1.9027542333581389,-3.3448800432298778,103.8726804844929,7.394525203284377
0.6691729323308271,1.885738287638015,-3.301427986679419,104.04299866168294,7.436809383069024
0.6716791979949874,1.8688866796260102,-3.2585726644380055,104.20597659201361,7.477537823191573
0.6741854636591478,1.852168651702775,-3.2161746018152058,104.3613720337618,7.516617917912118
0.6766917293233082,1.8357226127923707,-3.1746608400971175,104.51118228556129,7.554527441737261
0.6791979949874687,1.8195543264240586,-3.1340722482505656,104.65609168043393,7.591416993659145
0.681704260651629,1.8036003405931518,-3.0942313175186102,104.79597064841121,7.627231551364599
0.6842105263157894,1.7877972032949612,-3.054960539144308,104.9306896195247,7.661916092540455
0.6867167919799498,1.7720814625247987,-3.0160824043707173,105.06011902380591,7.695415594873544
0.6892230576441103,1.7563896662779768,-2.977419404440898,105.1841292912864,7.727675036050693
0.6917293233082706,1.7406583625498087,-2.93879403059791,105.30259085199766,7.758639393758732
0.694235588972431,1.7248267918640148,-2.9000363454139455,105.41539204338272,7.788258381129173
0.6967418546365914,1.7090026387898019,-2.861449099972062,105.52353874558868,7.816779255315121
0.6992481203007519,1.6932459307694738,-2.8231980861707258,105.6277115689967,7.844369385631136
0.7017543859649122,1.6775231465619218,-2.7851854917775647,105.72796740919084,7.871032343295917
0.7042606516290726,1.6618007649260351,-2.747313504560205,105.82436316175514,7.896771699528158
0.706766917293233,1.6460452646207029,-2.7094843122862726,105.9169557222737,7.92159102554656
0.7092731829573935,1.6302231244048158,-2.6716001027233958,106.00580198633057,7.945493892569815
0.7117794486215538,1.6143008230372646,-2.633563063639205,106.0909588495098,7.9684838718166215
0.7142857142857142,1.5982448392769393,-2.5952753828013257,106.17248320739546,7.990564534505676
0.7167919799498746,1.5820341030703124,-2.5566754426373786,106.25059721416591,8.011785803209596
0.7192982456140351,1.5656906685971084,-2.517829610766493,106.32563215818935,8.03223192812106
0.7218045112781954,1.549245699822188,-2.4788320498674525,106.39780854193413,8.0519579460474
0.7243107769423558,1.532730360710392,-2.439776922618981,106.46734686786677,8.071018893795467
0.7268170426065163,1.5161758152265588,-2.4007583916998025,106.53446763845386,8.089469808172105
0.7293233082706767,1.499613227335529,-2.361870619788645,106.59939135616193,8.107365725984165
0.731829573934837,1.4830737610021436,-2.3232077695642364,106.66233852345748,8.124761684038486
0.7343358395989974,1.4665885801912415,-2.2848640037053007,106.72352964280712,8.141712719141921
0.7368421052631579,1.4501227573482685,-2.2466918278014365,106.78278565504958,8.158163535364235
0.7393483709273183,1.4335979928250255,-2.2084091654224993,106.83973430156958,8.17400846040636
0.7418546365914787,1.417048023796052,-2.170161205979755,106.89473129203495,8.189345020485133
0.744360902255639,1.4005084398402368,-2.132100054155965,106.94814394361835,8.204273964652163
0.7468671679197995,1.3840148305364675,-2.094377814633893,107.00033957349235,8.218896041959063
0.7493734335839599,1.367602785463634,-2.057146592096305,107.05168549882961,8.233312001457447
0.7518796992481203,1.3513078942006265,-2.020558491225965,107.1025490368027,8.247622592198923
0.7543859649122806,1.3351657463263333,-1.9847656167056376,107.15329750458424,8.261928563235111
0.7568922305764411,1.3191706653858568,-1.9497582003905847,107.20375263619594,8.27617686837026
0.7593984962406015,1.303237139357865,-1.9151902571316728,107.25281637629884,8.290057150399937
0.7619047619047619,1.2873796290340564,-1.881084593503375,107.30085002853048,8.303672430069879
0.7644110275689222,1.2716189963647762,-1.8474884855214544,107.34830329668006,8.317150702085245
0.7669172932330827,1.2559761033003685,-1.8144492092016746,107.3956258845368,8.330619961151196
0.7694235588972431,1.2404718117911788,-1.7820140405598024,107.44326749588988,8.344208201972886
0.7719298245614035,1.2251269837875534,-1.7502302556116032,107.49167783452846,8.358043419255475
0.7744360902255638,1.2099624812398362,-1.7191451303728416,107.54130660424178,8.372253607704124
0.7769423558897243,1.1949923349117424,-1.6887958973499742,107.59223343991866,8.386860823107105
0.7794486215538847,1.1801926725108045,-1.6591370142017936,107.64320339000712,8.40150687350927
0.7819548872180451,1.1655485416434235,-1.63009939859237,107.69441874656616,8.416253170973949
0.7844611528822054,1.151047820583238,-1.6016161190859495,107.74628858373268,8.43122045662565
0.7869674185463659,1.136678387603887,-1.5736202442467786,107.79922197564369,8.446529471588896
0.7894736842105263,1.1224281209790097,-1.546044842639106,107.85362799643609,8.462300956988193
0.7919799498746867,1.1082848989822465,-1.518822982827181,107.9099157202469,8.478655653948055
0.794486215538847,1.094236599887236,-1.4918877333752496,107.968494221213,8.495714303592997
0.7969924812030075,1.0802817732465015,-1.4651912508852953,108.02966168538074,8.513565517662366
0.7994987468671679,1.0664872808881116,-1.4388371280230474,108.09287098370535,8.532055015472805
0.8020050125313283,1.0528390597747779,-1.4128362444673974,108.15817483892901,8.551205941041635
0.8045112781954886,1.0393028967633788,-1.3871681124513695,108.22581370019559,8.571096156618362
0.8070175438596491,1.025844578710794,-1.3618122442079867,108.29602801664882,8.591803524452496
0.8095238095238095,1.012429892473903,-1.3367481519702757,108.36905823743248,8.613405906793545
0.8120300751879699,0.999024624909587,-1.311955347971262,108.44514481169038,8.635981165891016
0.8145363408521302,0.9855945628747245,-1.2874133444439702,108.52452818856626,8.659607163994417
0.8170426065162907,0.9721139369851993,-1.263108367173141,108.60747814768139,8.684370809004653
0.8195488721804511,0.9586921061484575,-1.239127872329369,108.69466478930121,8.710485856931157
0.8220551378446115,0.9453402293993796,-1.2154668227063719,108.786256749738,8.738019274926675
0.8245614035087718,0.9320158980445183,-1.1920756720447159,108.88221525726338,8.766975110922395
0.8270676691729323,0.9186767033904273,-1.1689048740849675,108.98250154014893,8.797357412849516
0.8295739348370927,0.9052802367436606,-1.145904882567695,109.08707682666625,8.82917022863923
0.8320802005012531,0.8917840894107728,-1.1230261512334667,109.19590234508695,8.862417606222726
0.8345864661654134,0.8781458526983171,-1.1002191338228493,109.30893932368264,8.897103593531199
0.8370927318295739,0.8643250804339515,-1.0774366725725073,109.42617994878725,8.933242004066015
0.8395989974937343,0.8504017613004264,-1.0547775980811873,109.54938832948754,8.971408328487014
0.8421052631578947,0.8364143399420338,-1.032288398360818,109.67928546535943,9.011857299186556
0.844611528822055,0.8223318734816603,-1.0099307823725958,109.8154258168049,9.054477207385943
0.8471177944862155,0.8081234190421919,-0.987666459077718,109.95736384422601,9.09915634430647
0.849624060150376,0.7937580337465164,-0.9654571374373827,110.10465400802472,9.145783001169432
0.8521303258145363,0.7792047747175215,-0.9432645264127889,110.25685076860304,9.194245469196119
0.8546365914786966,0.7644326990780935,-0.9210503349651331,110.41350858636302,9.244432039607831
0.8571428571428571,0.7494108639511186,-0.8987762720556121,110.57418192170663,9.296231003625861
0.8596491228070176,0.7340866027705172,-0.8764386341731344,110.74100355200446,9.350388715499822
0.8621553884711779,0.7184599316089343,-0.8540725508228091,110.91576134148004,9.4075368179677
0.8646616541353382,0.702578943482242,-0.8316979719801274,111.09749146943467,9.467391231682797
0.8671679197994987,0.6864917314064259,-0.8093348476205,111.285230115161,9.529667877295529
0.8696741854636592,0.670246388397473,-0.7870031277193392,111.47801345795162,9.594082675456313
0.8721804511278195,0.6538910074713704,-0.7647227622520575,111.67487767709918,9.660351546815566
0.8746867167919798,0.6374736816441033,-0.7425137011940656,111.87485895189627,9.728190412023702
0.8771929824561403,0.6210425039316577,-0.7203958945207739,112.07699346163558,9.797315191731146
0.8796992481203008,0.604549416039144,-0.6982921786779966,112.28286686985875,9.868343109780607
0.8822055137844611,0.5878787677208233,-0.6760945873340621,112.49558062774585,9.942405359637533
0.8847117794486214,0.5710745514679778,-0.6538838834934269,112.71380038130032,10.019048906028798
0.8872180451127819,0.554183425406403,-0.6317437441336263,112.93611946081982,10.09779501880911
0.8897243107769424,0.537252047661896,-0.6097578462321988,113.16113119660201,10.178164967833165
0.8922305764411027,0.520327076360254,-0.588009866766682,113.38742891894448,10.259680022955662
0.894736842105263,0.5034551696272728,-0.5665834827146119,113.61360595814494,10.341861454031308
0.8972431077694235,0.4866829855887478,-0.5455623710535247,113.83825564450103,10.424230530914807
0.899749373433584,0.47004270122357616,-0.5249002524125719,114.0619721152443,10.50705982228155
0.9022556390977443,0.45350203444924647,-0.5043273859464911,114.28883062784023,10.59189157273936
0.9047619047619047,0.43702682835650614,-0.4839170857831403,114.51766603612188,10.678262274249118
0.9072681704260651,0.4205841591643652,-0.46376358772052273,114.7469922141824,10.765586851133445
0.9097744360902256,0.4041411030918354,-0.4439611275566435,114.97532303611496,10.853280227714961
0.9122807017543859,0.38766473635792814,-0.42460394108950766,115.20117237601266,10.940757328316288
0.9147869674185463,0.37112213518165366,-0.4057862641171184,115.42305410796874,11.027433077260048
0.9172932330827067,0.3544803757820221,-0.387602332437479,115.6394821060763,11.11272239886887
0.9197994987468672,0.33763878292196686,-0.3700791565490063,115.85022228865675,11.196538481832802
0.9223057644110275,0.3203520116085801,-0.35297201065986,116.05963350865792,11.280594961749955
0.9248120300751879,0.3027764157732161,-0.3362610501734848,116.26725209404322,11.364649225354288
0.9273182957393483,0.2851135910077891,-0.3199617938489296,116.47192095983833,11.44818067489549
0.9298245614035088,0.26756513290421496,-0.3040897604452443,116.67248302106901,11.530668712623239
0.9323308270676691,0.25033263705440945,-0.2886604687214792,116.86778119276094,11.611592740787211
0.9348370927318295,0.23361769905028693,-0.27368943743668306,117.05665838993984,11.690432161637093
0.9373433583959899,0.21762191448376167,-0.25919218534990457,117.23795752763147,11.766666377422565
0.9398496240601504,0.20244403817434292,-0.2451799935593022,117.41111897687664,11.840026744024843
0.9423558897243107,0.1874407352554409,-0.23161628482114263,117.57999454248693,11.912097422392376
0.9448621553884711,0.17260254238209835,-0.21845983199038246,117.74493203898213,11.982971469769396
0.9473684210526315,0.15810150713739404,-0.2056741198574082,117.90524084327029,12.052302814882223
0.949874686716792,0.14410967710440795,-0.19322263321260771,118.06023033225948,12.119745386457156
0.9523809523809523,0.13079909986621988,-0.1810688568463686,118.20920988285769,12.184953113220507
0.9548872180451127,0.11834182300590863,-0.16917627554907755,118.351488871973,12.247579923898584
0.9573934837092731,0.10690989410655291,-0.15750837411112126,118.48637667651346,12.307279747217699
0.9598997493734336,0.09663848294369304,-0.14602448690289224,118.61338060806813,12.363794384011964
0.9624060150375939,0.08702297276474369,-0.13464369078169056,118.735325196818,12.418340141919947
0.9649122807017543,0.07787179463175596,-0.12339399771736355,118.85308378829076,12.47127139150414
0.9674185463659147,0.06921181016807022,-0.11233780712714858,118.9663212995501,12.522406597119202
0.9699248120300752,0.0610698809970277,-0.101537518428284,119.07470264765972,12.571564223119783
0.9724310776942355,0.05347286874196948,-0.09105553103800798,119.17789274968327,12.618562733860534
0.9749373433583959,0.04644763502623596,-0.08095424437355789,119.27555652268448,12.663220593696115
0.9774436090225563,0.040021041473167644,-0.0712960578521711,119.36735888372702,12.705356266981182
0.9799498746867168,0.03421519537098805,-0.06214006497743361,119.45300406851742,12.744805345684064
0.9824561403508771,0.028771398553145713,-0.05333733873348076,119.53455155957226,12.78243977570589
0.9849624060150375,0.023564113395006317,-0.044792851598988014,119.61305954162633,12.818726806569366
0.9874686716791979,0.01864178369478517,-0.0365253723223355,119.68816591209153,12.853520838106194
0.9899749373433584,0.014052853250698027,-0.028553669651904073,119.75950856837973,12.886676270148067
0.9924812030075187,0.009845765860960573,-0.0208965123360746,119.82672540790279,12.918047502526685
0.9949874686716791,0.006068965323788115,-0.013572669123227191,119.88945432807259,12.947488935073745
0.9974937343358395,0.002770895437396025,-0.006600908761742049,119.94733322630104,12.974854967620953
1.0,-3.469446951953614e-18,1.951563910473908e-18,120.0,13.000000000000002
