RelativeTime_s,AbsoluteTimestamp_ISO8601
0,2026-06-17T17:41:11.688000
0.002,2026-06-17T17:41:11.690000
0.004,2026-06-17T17:41:11.692000
0.006,2026-06-17T17:41:11.694000
0.008,2026-06-17T17:41:11.696000
0.01,2026-06-17T17:41:11.698000
0.012,2026-06-17T17:41:11.700000
0.014,2026-06-17T17:41:11.702000
0.016,2026-06-17T17:41:11.704000
0.018,2026-06-17T17:41:11.706000
0.02,2026-06-17T17:41:11.708000
0.022,2026-06-17T17:41:11.710000
0.024,2026-06-17T17:41:11.712000
0.026,2026-06-17T17:41:11.714000
0.028,2026-06-17T17:41:11.716000
0.03,2026-06-17T17:41:11.718000
0.032,2026-06-17T17:41:11.720000
0.034,2026-06-17T17:41:11.722000
0.036,2026-06-17T17:41:11.724000
0.038,2026-06-17T17:41:11.726000
0.04,2026-06-17T17:41:11.728000
0.042,2026-06-17T17:41:11.730000
0.044,2026-06-17T17:41:11.732000
0.046,2026-06-17T17:41:11.734000
0.048,2026-06-17T17:41:11.736000
0.05,2026-06-17T17:41:11.738000
0.052,2026-06-17T17:41:11.740000
0.054,2026-06-17T17:41:11.742000
0.056,2026-06-17T17:41:11.744000
0.058,2026-06-17T17:41:11.746000
0.06,2026-06-17T17:41:11.748000
0.062,2026-06-17T17:41:11.750000
0.064,2026-06-17T17:41:11.752000
0.066,2026-06-17T17:41:11.754000
0.068,2026-06-17T17:41:11.756000
0.07,2026-06-17T17:41:11.758000
0.072,2026-06-17T17:41:11.760000
0.074,2026-06-17T17:41:11.762000
0.076,2026-06-17T17:41:11.764000
0.078,2026-06-17T17:41:11.766000
0.08,2026-06-17T17:41:11.768000
0.082,2026-06-17T17:41:11.770000
0.084,2026-06-17T17:41:11.772000
0.086,2026-06-17T17:41:11.774000
0.088,2026-06-17T17:41:11.776000
0.09,2026-06-17T17:41:11.778000
0.092,2026-06-17T17:41:11.780000
0.094,2026-06-17T17:41:11.782000
0.096,2026-06-17T17:41:11.784000
0.098,2026-06-17T17:41:11.786000
0.1,2026-06-17T17:41:11.788000
0.102,2026-06-17T17:41:11.790000
0.104,2026-06-17T17:41:11.792000
0.106,2026-06-17T17:41:11.794000
0.108,2026-06-17T17:41:11.796000
0.11,2026-06-17T17:41:11.798000
0.112,2026-06-17T17:41:11.800000
0.114,2026-06-17T17:41:11.802000
0.116,2026-06-17T17:41:11.804000
0.118,2026-06-17T17:41:11.806000
0.12,2026-06-17T17:41:11.808000
0.122,2026-06-17T17:41:11.810000
0.124,2026-06-17T17:41:11.812000
0.126,2026-06-17T17:41:11.814000
0.128,2026-06-17T17:41:11.816000
0.13,2026-06-17T17:41:11.818000
0.132,2026-06-17T17:41:11.820000
0.134,2026-06-17T17:41:11.822000
0.136,2026-06-17T17:41:11.824000
0.138,2026-06-17T17:41:11.826000
0.14,2026-06-17T17:41:11.828000
0.142,2026-06-17T17:41:11.830000
0.144,2026-06-17T17:41:11.832000
0.146,2026-06-17T17:41:11.834000
0.148,2026-06-17T17:41:11.836000
0.15,2026-06-17T17:41:11.838000
0.152,2026-06-17T17:41:11.840000
0.154,2026-06-17T17:41:11.842000
0.156,2026-06-17T17:41:11.844000
0.158,2026-06-17T17:41:11.846000
0.16,2026-06-17T17:41:11.848000
0.162,2026-06-17T17:41:11.850000
0.164,2026-06-17T17:41:11.852000
0.166,2026-06-17T17:41:11.854000
0.168,2026-06-17T17:41:11.856000
0.17,2026-06-17T17:41:11.858000
0.172,2026-06-17T17:41:11.860000
0.174,2026-06-17T17:41:11.862000
0.176,2026-06-17T17:41:11.864000
0.178,2026-06-17T17:41:11.866000
0.18,2026-06-17T17:41:11.868000
0.182,2026-06-17T17:41:11.870000
0.184,2026-06-17T17:41:11.872000
0.186,2026-06-17T17:41:11.874000
0.188,2026-06-17T17:41:11.876000
0.19,2026-06-17T17:41:11.878000
0.192,2026-06-17T17:41:11.880000
0.194,2026-06-17T17:41:11.882000
0.196,2026-06-17T17:41:11.884000
0.198,2026-06-17T17:41:11.886000
0.2,2026-06-17T17:41:11.888000
0.202,2026-06-17T17:41:11.890000
0.204,2026-06-17T17:41:11.892000
0.206,2026-06-17T17:41:11.894000
0.208,2026-06-17T17:41:11.896000
0.21,2026-06-17T17:41:11.898000
0.212,2026-06-17T17:41:11.900000
0.214,2026-06-17T17:41:11.902000
0.216,2026-06-17T17:41:11.904000
0.218,2026-06-17T17:41:11.906000
0.22,2026-06-17T17:41:11.908000
0.222,2026-06-17T17:41:11.910000
0.224,2026-06-17T17:41:11.912000
0.226,2026-06-17T17:41:11.914000
0.228,2026-06-17T17:41:11.916000
0.23,2026-06-17T17:41:11.918000
0.232,2026-06-17T17:41:11.920000
0.234,2026-06-17T17:41:11.922000
0.236,2026-06-17T17:41:11.924000
0.238,2026-06-17T17:41:11.926000
0.24,2026-06-17T17:41:11.928000
0.242,2026-06-17T17:41:11.930000
0.244,2026-06-17T17:41:11.932000
0.246,2026-06-17T17:41:11.934000
0.248,2026-06-17T17:41:11.936000
0.25,2026-06-17T17:41:11.938000
0.252,2026-06-17T17:41:11.940000
0.254,2026-06-17T17:41:11.942000
0.256,2026-06-17T17:41:11.944000
0.258,2026-06-17T17:41:11.946000
0.26,2026-06-17T17:41:11.948000
0.262,2026-06-17T17:41:11.950000
0.264,2026-06-17T17:41:11.952000
0.266,2026-06-17T17:41:11.954000
0.268,2026-06-17T17:41:11.956000
0.27,2026-06-17T17:41:11.958000
0.272,2026-06-17T17:41:11.960000
0.274,2026-06-17T17:41:11.962000
0.276,2026-06-17T17:41:11.964000
0.278,2026-06-17T17:41:11.966000
0.28,2026-06-17T17:41:11.968000
0.282,2026-06-17T17:41:11.970000
0.284,2026-06-17T17:41:11.972000
0.286,2026-06-17T17:41:11.974000
0.288,2026-06-17T17:41:11.976000
0.29,2026-06-17T17:41:11.978000
0.292,2026-06-17T17:41:11.980000
0.294,2026-06-17T17:41:11.982000
0.296,2026-06-17T17:41:11.984000
0.298,2026-06-17T17:41:11.986000
0.3,2026-06-17T17:41:11.988000
0.302,2026-06-17T17:41:11.990000
0.304,2026-06-17T17:41:11.992000
0.306,2026-06-17T17:41:11.994000
0.308,2026-06-17T17:41:11.996000
0.31,2026-06-17T17:41:11.998000
0.312,2026-06-17T17:41:12.000000
0.314,2026-06-17T17:41:12.002000
0.316,2026-06-17T17:41:12.004000
0.318,2026-06-17T17:41:12.006000
0.32,2026-06-17T17:41:12.008000
0.322,2026-06-17T17:41:12.010000
0.324,2026-06-17T17:41:12.012000
0.326,2026-06-17T17:41:12.014000
0.328,2026-06-17T17:41:12.016000
0.33,2026-06-17T17:41:12.018000
0.332,2026-06-17T17:41:12.020000
0.334,2026-06-17T17:41:12.022000
0.336,2026-06-17T17:41:12.024000
0.338,2026-06-17T17:41:12.026000
0.34,2026-06-17T17:41:12.028000
0.342,2026-06-17T17:41:12.030000
0.344,2026-06-17T17:41:12.032000
0.346,2026-06-17T17:41:12.034000
0.348,2026-06-17T17:41:12.036000
0.35,2026-06-17T17:41:12.038000
0.352,2026-06-17T17:41:12.040000
0.354,2026-06-17T17:41:12.042000
0.356,2026-06-17T17:41:12.044000
0.358,2026-06-17T17:41:12.046000
0.36,2026-06-17T17:41:12.048000
0.362,2026-06-17T17:41:12.050000
0.364,2026-06-17T17:41:12.052000
0.366,2026-06-17T17:41:12.054000
0.368,2026-06-17T17:41:12.056000
0.37,2026-06-17T17:41:12.058000
0.372,2026-06-17T17:41:12.060000
0.374,2026-06-17T17:41:12.062000
0.376,2026-06-17T17:41:12.064000
0.378,2026-06-17T17:41:12.066000
0.38,2026-06-17T17:41:12.068000
0.382,2026-06-17T17:41:12.070000
0.384,2026-06-17T17:41:12.072000
0.386,2026-06-17T17:41:12.074000
0.388,2026-06-17T17:41:12.076000
0.39,2026-06-17T17:41:12.078000
0.392,2026-06-17T17:41:12.080000
0.394,2026-06-17T17:41:12.082000
0.396,2026-06-17T17:41:12.084000
0.398,2026-06-17T17:41:12.086000
0.4,2026-06-17T17:41:12.088000
0.402,2026-06-17T17:41:12.090000
0.404,2026-06-17T17:41:12.092000
0.406,2026-06-17T17:41:12.094000
0.408,2026-06-17T17:41:12.096000
0.41,2026-06-17T17:41:12.098000
0.412,2026-06-17T17:41:12.100000
0.414,2026-06-17T17:41:12.102000
0.416,2026-06-17T17:41:12.104000
0.418,2026-06-17T17:41:12.106000
0.42,2026-06-17T17:41:12.108000
0.422,2026-06-17T17:41:12.110000
0.424,2026-06-17T17:41:12.112000
0.426,2026-06-17T17:41:12.114000
0.428,2026-06-17T17:41:12.116000
0.43,2026-06-17T17:41:12.118000
0.432,2026-06-17T17:41:12.120000
0.434,2026-06-17T17:41:12.122000
0.436,2026-06-17T17:41:12.124000
0.438,2026-06-17T17:41:12.126000
0.44,2026-06-17T17:41:12.128000
0.442,2026-06-17T17:41:12.130000
0.444,2026-06-17T17:41:12.132000
0.446,2026-06-17T17:41:12.134000
0.448,2026-06-17T17:41:12.136000
0.45,2026-06-17T17:41:12.138000
0.452,2026-06-17T17:41:12.140000
0.454,2026-06-17T17:41:12.142000
0.456,2026-06-17T17:41:12.144000
0.458,2026-06-17T17:41:12.146000
0.46,2026-06-17T17:41:12.148000
0.462,2026-06-17T17:41:12.150000
0.464,2026-06-17T17:41:12.152000
0.466,2026-06-17T17:41:12.154000
0.468,2026-06-17T17:41:12.156000
0.47,2026-06-17T17:41:12.158000
0.472,2026-06-17T17:41:12.160000
0.474,2026-06-17T17:41:12.162000
0.476,2026-06-17T17:41:12.164000
0.478,2026-06-17T17:41:12.166000
0.48,2026-06-17T17:41:12.168000
0.482,2026-06-17T17:41:12.170000
0.484,2026-06-17T17:41:12.172000
0.486,2026-06-17T17:41:12.174000
0.488,2026-06-17T17:41:12.176000
0.49,2026-06-17T17:41:12.178000
0.492,2026-06-17T17:41:12.180000
0.494,2026-06-17T17:41:12.182000
0.496,2026-06-17T17:41:12.184000
0.498,2026-06-17T17:41:12.186000
0.5,2026-06-17T17:41:12.188000
0.502,2026-06-17T17:41:12.190000
0.504,2026-06-17T17:41:12.192000
0.506,2026-06-17T17:41:12.194000
0.508,2026-06-17T17:41:12.196000
0.51,2026-06-17T17:41:12.198000
0.512,2026-06-17T17:41:12.200000
0.514,2026-06-17T17:41:12.202000
0.516,2026-06-17T17:41:12.204000
0.518,2026-06-17T17:41:12.206000
0.52,2026-06-17T17:41:12.208000
0.522,2026-06-17T17:41:12.210000
0.524,2026-06-17T17:41:12.212000
0.526,2026-06-17T17:41:12.214000
0.528,2026-06-17T17:41:12.216000
0.53,2026-06-17T17:41:12.218000
0.532,2026-06-17T17:41:12.220000
0.534,2026-06-17T17:41:12.222000
0.536,2026-06-17T17:41:12.224000
0.538,2026-06-17T17:41:12.226000
0.54,2026-06-17T17:41:12.228000
0.542,2026-06-17T17:41:12.230000
0.544,2026-06-17T17:41:12.232000
0.546,2026-06-17T17:41:12.234000
0.548,2026-06-17T17:41:12.236000
0.55,2026-06-17T17:41:12.238000
0.552,2026-06-17T17:41:12.240000
0.554,2026-06-17T17:41:12.242000
0.556,2026-06-17T17:41:12.244000
0.558,2026-06-17T17:41:12.246000
0.56,2026-06-17T17:41:12.248000
0.562,2026-06-17T17:41:12.250000
0.564,2026-06-17T17:41:12.252000
0.566,2026-06-17T17:41:12.254000
0.568,2026-06-17T17:41:12.256000
0.57,2026-06-17T17:41:12.258000
0.572,2026-06-17T17:41:12.260000
0.574,2026-06-17T17:41:12.262000
0.576,2026-06-17T17:41:12.264000
0.578,2026-06-17T17:41:12.266000
0.58,2026-06-17T17:41:12.268000
0.582,2026-06-17T17:41:12.270000
0.584,2026-06-17T17:41:12.272000
0.586,2026-06-17T17:41:12.274000
0.588,2026-06-17T17:41:12.276000
0.59,2026-06-17T17:41:12.278000
0.592,2026-06-17T17:41:12.280000
0.594,2026-06-17T17:41:12.282000
0.596,2026-06-17T17:41:12.284000
0.598,2026-06-17T17:41:12.286000
0.6,2026-06-17T17:41:12.288000
0.602,2026-06-17T17:41:12.290000
0.604,2026-06-17T17:41:12.292000
0.606,2026-06-17T17:41:12.294000
0.608,2026-06-17T17:41:12.296000
0.61,2026-06-17T17:41:12.298000
0.612,2026-06-17T17:41:12.300000
0.614,2026-06-17T17:41:12.302000
0.616,2026-06-17T17:41:12.304000
0.618,2026-06-17T17:41:12.306000
0.62,2026-06-17T17:41:12.308000
0.622,2026-06-17T17:41:12.310000
0.624,2026-06-17T17:41:12.312000
0.626,2026-06-17T17:41:12.314000
0.628,2026-06-17T17:41:12.316000
0.63,2026-06-17T17:41:12.318000
0.632,2026-06-17T17:41:12.320000
0.634,2026-06-17T17:41:12.322000
0.636,2026-06-17T17:41:12.324000
0.638,2026-06-17T17:41:12.326000
0.64,2026-06-17T17:41:12.328000
0.642,2026-06-17T17:41:12.330000
0.644,2026-06-17T17:41:12.332000
0.646,2026-06-17T17:41:12.334000
0.648,2026-06-17T17:41:12.336000
0.65,2026-06-17T17:41:12.338000
0.652,2026-06-17T17:41:12.340000
0.654,2026-06-17T17:41:12.342000
0.656,2026-06-17T17:41:12.344000
0.658,2026-06-17T17:41:12.346000
0.66,2026-06-17T17:41:12.348000
0.662,2026-06-17T17:41:12.350000
0.664,2026-06-17T17:41:12.352000
0.666,2026-06-17T17:41:12.354000
0.668,2026-06-17T17:41:12.356000
0.67,2026-06-17T17:41:12.358000
0.672,2026-06-17T17:41:12.360000
0.674,2026-06-17T17:41:12.362000
0.676,2026-06-17T17:41:12.364000
0.678,2026-06-17T17:41:12.366000
0.68,2026-06-17T17:41:12.368000
0.682,2026-06-17T17:41:12.370000
0.684,2026-06-17T17:41:12.372000
0.686,2026-06-17T17:41:12.374000
0.688,2026-06-17T17:41:12.376000
0.69,2026-06-17T17:41:12.378000
0.692,2026-06-17T17:41:12.380000
0.694,2026-06-17T17:41:12.382000
0.696,2026-06-17T17:41:12.384000
0.698,2026-06-17T17:41:12.386000
0.7,2026-06-17T17:41:12.388000
0.702,2026-06-17T17:41:12.390000
0.704,2026-06-17T17:41:12.392000
0.706,2026-06-17T17:41:12.394000
0.708,2026-06-17T17:41:12.396000
0.71,2026-06-17T17:41:12.398000
0.712,2026-06-17T17:41:12.400000
0.714,2026-06-17T17:41:12.402000
0.716,2026-06-17T17:41:12.404000
0.718,2026-06-17T17:41:12.406000
0.72,2026-06-17T17:41:12.408000
0.722,2026-06-17T17:41:12.410000
0.724,2026-06-17T17:41:12.412000
0.726,2026-06-17T17:41:12.414000
0.728,2026-06-17T17:41:12.416000
0.73,2026-06-17T17:41:12.418000
0.732,2026-06-17T17:41:12.420000
0.734,2026-06-17T17:41:12.422000
0.736,2026-06-17T17:41:12.424000
0.738,2026-06-17T17:41:12.426000
0.74,2026-06-17T17:41:12.428000
0.742,2026-06-17T17:41:12.430000
0.744,2026-06-17T17:41:12.432000
0.746,2026-06-17T17:41:12.434000
0.748,2026-06-17T17:41:12.436000
0.75,2026-06-17T17:41:12.438000
0.752,2026-06-17T17:41:12.440000
0.754,2026-06-17T17:41:12.442000
0.756,2026-06-17T17:41:12.444000
0.758,2026-06-17T17:41:12.446000
0.76,2026-06-17T17:41:12.448000
0.762,2026-06-17T17:41:12.450000
0.764,2026-06-17T17:41:12.452000
0.766,2026-06-17T17:41:12.454000
0.768,2026-06-17T17:41:12.456000
0.77,2026-06-17T17:41:12.458000
0.772,2026-06-17T17:41:12.460000
0.774,2026-06-17T17:41:12.462000
0.776,2026-06-17T17:41:12.464000
0.778,2026-06-17T17:41:12.466000
0.78,2026-06-17T17:41:12.468000
0.782,2026-06-17T17:41:12.470000
0.784,2026-06-17T17:41:12.472000
0.786,2026-06-17T17:41:12.474000
0.788,2026-06-17T17:41:12.476000
0.79,2026-06-17T17:41:12.478000
0.792,2026-06-17T17:41:12.480000
0.794,2026-06-17T17:41:12.482000
0.796,2026-06-17T17:41:12.484000
0.798,2026-06-17T17:41:12.486000
0.8,2026-06-17T17:41:12.488000
0.802,2026-06-17T17:41:12.490000
0.804,2026-06-17T17:41:12.492000
0.806,2026-06-17T17:41:12.494000
0.808,2026-06-17T17:41:12.496000
0.81,2026-06-17T17:41:12.498000
0.812,2026-06-17T17:41:12.500000
0.814,2026-06-17T17:41:12.502000
0.816,2026-06-17T17:41:12.504000
0.818,2026-06-17T17:41:12.506000
0.82,2026-06-17T17:41:12.508000
0.822,2026-06-17T17:41:12.510000
0.824,2026-06-17T17:41:12.512000
0.826,2026-06-17T17:41:12.514000
0.828,2026-06-17T17:41:12.516000
0.83,2026-06-17T17:41:12.518000
0.832,2026-06-17T17:41:12.520000
0.834,2026-06-17T17:41:12.522000
0.836,2026-06-17T17:41:12.524000
0.838,2026-06-17T17:41:12.526000
0.84,2026-06-17T17:41:12.528000
0.842,2026-06-17T17:41:12.530000
0.844,2026-06-17T17:41:12.532000
0.846,2026-06-17T17:41:12.534000
0.848,2026-06-17T17:41:12.536000
0.85,2026-06-17T17:41:12.538000
0.852,2026-06-17T17:41:12.540000
0.854,2026-06-17T17:41:12.542000
0.856,2026-06-17T17:41:12.544000
0.858,2026-06-17T17:41:12.546000
0.86,2026-06-17T17:41:12.548000
0.862,2026-06-17T17:41:12.550000
0.864,2026-06-17T17:41:12.552000
0.866,2026-06-17T17:41:12.554000
0.868,2026-06-17T17:41:12.556000
0.87,2026-06-17T17:41:12.558000
0.872,2026-06-17T17:41:12.560000
0.874,2026-06-17T17:41:12.562000
0.876,2026-06-17T17:41:12.564000
0.878,2026-06-17T17:41:12.566000
0.88,2026-06-17T17:41:12.568000
0.882,2026-06-17T17:41:12.570000
0.884,2026-06-17T17:41:12.572000
0.886,2026-06-17T17:41:12.574000
0.888,2026-06-17T17:41:12.576000
0.89,2026-06-17T17:41:12.578000
0.892,2026-06-17T17:41:12.580000
0.894,2026-06-17T17:41:12.582000
0.896,2026-06-17T17:41:12.584000
0.898,2026-06-17T17:41:12.586000
0.9,2026-06-17T17:41:12.588000
0.902,2026-06-17T17:41:12.590000
0.904,2026-06-17T17:41:12.592000
0.906,2026-06-17T17:41:12.594000
0.908,2026-06-17T17:41:12.596000
0.91,2026-06-17T17:41:12.598000
0.912,2026-06-17T17:41:12.600000
0.914,2026-06-17T17:41:12.602000
0.916,2026-06-17T17:41:12.604000
0.918,2026-06-17T17:41:12.606000
0.92,2026-06-17T17:41:12.608000
0.922,2026-06-17T17:41:12.610000
0.924,2026-06-17T17:41:12.612000
0.926,2026-06-17T17:41:12.614000
0.928,2026-06-17T17:41:12.616000
0.93,2026-06-17T17:41:12.618000
0.932,2026-06-17T17:41:12.620000
0.934,2026-06-17T17:41:12.622000
0.936,2026-06-17T17:41:12.624000
0.938,2026-06-17T17:41:12.626000
0.94,2026-06-17T17:41:12.628000
0.942,2026-06-17T17:41:12.630000
0.944,2026-06-17T17:41:12.632000
0.946,2026-06-17T17:41:12.634000
0.948,2026-06-17T17:41:12.636000
0.95,2026-06-17T17:41:12.638000
0.952,2026-06-17T17:41:12.640000
0.954,2026-06-17T17:41:12.642000
0.956,2026-06-17T17:41:12.644000
0.958,2026-06-17T17:41:12.646000
0.96,2026-06-17T17:41:12.648000
0.962,2026-06-17T17:41:12.650000
0.964,2026-06-17T17:41:12.652000
0.966,2026-06-17T17:41:12.654000
0.968,2026-06-17T17:41:12.656000
0.97,2026-06-17T17:41:12.658000
0.972,2026-06-17T17:41:12.660000
0.974,2026-06-17T17:41:12.662000
0.976,2026-06-17T17:41:12.664000
0.978,2026-06-17T17:41:12.666000
0.98,2026-06-17T17:41:12.668000
0.982,2026-06-17T17:41:12.670000
0.984,2026-06-17T17:41:12.672000
0.986,2026-06-17T17:41:12.674000
0.988,2026-06-17T17:41:12.676000
0.99,2026-06-17T17:41:12.678000
0.992,2026-06-17T17:41:12.680000
0.994,2026-06-17T17:41:12.682000
0.996,2026-06-17T17:41:12.684000
0.998,2026-06-17T17:41:12.686000
1,2026-06-17T17:41:12.688000
1.002,2026-06-17T17:41:12.690000
1.004,2026-06-17T17:41:12.692000
1.006,2026-06-17T17:41:12.694000
1.008,2026-06-17T17:41:12.696000
1.01,2026-06-17T17:41:12.698000
1.012,2026-06-17T17:41:12.700000
1.014,2026-06-17T17:41:12.702000
1.016,2026-06-17T17:41:12.704000
1.018,2026-06-17T17:41:12.706000
1.02,2026-06-17T17:41:12.708000
1.022,2026-06-17T17:41:12.710000
1.024,2026-06-17T17:41:12.712000
1.026,2026-06-17T17:41:12.714000
1.028,2026-06-17T17:41:12.716000
1.03,2026-06-17T17:41:12.718000
1.032,2026-06-17T17:41:12.720000
1.034,2026-06-17T17:41:12.722000
1.036,2026-06-17T17:41:12.724000
1.038,2026-06-17T17:41:12.726000
1.04,2026-06-17T17:41:12.728000
1.042,2026-06-17T17:41:12.730000
1.044,2026-06-17T17:41:12.732000
1.046,2026-06-17T17:41:12.734000
1.048,2026-06-17T17:41:12.736000
1.05,2026-06-17T17:41:12.738000
1.052,2026-06-17T17:41:12.740000
1.054,2026-06-17T17:41:12.742000
1.056,2026-06-17T17:41:12.744000
1.058,2026-06-17T17:41:12.746000
1.06,2026-06-17T17:41:12.748000
1.062,2026-06-17T17:41:12.750000
1.064,2026-06-17T17:41:12.752000
1.066,2026-06-17T17:41:12.754000
1.068,2026-06-17T17:41:12.756000
1.07,2026-06-17T17:41:12.758000
1.072,2026-06-17T17:41:12.760000
1.074,2026-06-17T17:41:12.762000
1.076,2026-06-17T17:41:12.764000
1.078,2026-06-17T17:41:12.766000
1.08,2026-06-17T17:41:12.768000
1.082,2026-06-17T17:41:12.770000
1.084,2026-06-17T17:41:12.772000
1.086,2026-06-17T17:41:12.774000
1.088,2026-06-17T17:41:12.776000
1.09,2026-06-17T17:41:12.778000
1.092,2026-06-17T17:41:12.780000
1.094,2026-06-17T17:41:12.782000
1.096,2026-06-17T17:41:12.784000
1.098,2026-06-17T17:41:12.786000
1.1,2026-06-17T17:41:12.788000
1.102,2026-06-17T17:41:12.790000
1.104,2026-06-17T17:41:12.792000
1.106,2026-06-17T17:41:12.794000
1.108,2026-06-17T17:41:12.796000
1.11,2026-06-17T17:41:12.798000
1.112,2026-06-17T17:41:12.800000
1.114,2026-06-17T17:41:12.802000
1.116,2026-06-17T17:41:12.804000
1.118,2026-06-17T17:41:12.806000
1.12,2026-06-17T17:41:12.808000
1.122,2026-06-17T17:41:12.810000
1.124,2026-06-17T17:41:12.812000
1.126,2026-06-17T17:41:12.814000
1.128,2026-06-17T17:41:12.816000
1.13,2026-06-17T17:41:12.818000
1.132,2026-06-17T17:41:12.820000
1.134,2026-06-17T17:41:12.822000
1.136,2026-06-17T17:41:12.824000
1.138,2026-06-17T17:41:12.826000
1.14,2026-06-17T17:41:12.828000
1.142,2026-06-17T17:41:12.830000
1.144,2026-06-17T17:41:12.832000
1.146,2026-06-17T17:41:12.834000
1.148,2026-06-17T17:41:12.836000
1.15,2026-06-17T17:41:12.838000
1.152,2026-06-17T17:41:12.840000
1.154,2026-06-17T17:41:12.842000
1.156,2026-06-17T17:41:12.844000
1.158,2026-06-17T17:41:12.846000
1.16,2026-06-17T17:41:12.848000
1.162,2026-06-17T17:41:12.850000
1.164,2026-06-17T17:41:12.852000
1.166,2026-06-17T17:41:12.854000
1.168,2026-06-17T17:41:12.856000
1.17,2026-06-17T17:41:12.858000
1.172,2026-06-17T17:41:12.860000
1.174,2026-06-17T17:41:12.862000
1.176,2026-06-17T17:41:12.864000
1.178,2026-06-17T17:41:12.866000
1.18,2026-06-17T17:41:12.868000
1.182,2026-06-17T17:41:12.870000
1.184,2026-06-17T17:41:12.872000
1.186,2026-06-17T17:41:12.874000
1.188,2026-06-17T17:41:12.876000
1.19,2026-06-17T17:41:12.878000
1.192,2026-06-17T17:41:12.880000
1.194,2026-06-17T17:41:12.882000
1.196,2026-06-17T17:41:12.884000
1.198,2026-06-17T17:41:12.886000
1.2,2026-06-17T17:41:12.888000
1.202,2026-06-17T17:41:12.890000
1.204,2026-06-17T17:41:12.892000
1.206,2026-06-17T17:41:12.894000
1.208,2026-06-17T17:41:12.896000
1.21,2026-06-17T17:41:12.898000
1.212,2026-06-17T17:41:12.900000
1.214,2026-06-17T17:41:12.902000
1.216,2026-06-17T17:41:12.904000
1.218,2026-06-17T17:41:12.906000
1.22,2026-06-17T17:41:12.908000
1.222,2026-06-17T17:41:12.910000
1.224,2026-06-17T17:41:12.912000
1.226,2026-06-17T17:41:12.914000
1.228,2026-06-17T17:41:12.916000
1.23,2026-06-17T17:41:12.918000
1.232,2026-06-17T17:41:12.920000
1.234,2026-06-17T17:41:12.922000
1.236,2026-06-17T17:41:12.924000
1.238,2026-06-17T17:41:12.926000
1.24,2026-06-17T17:41:12.928000
1.242,2026-06-17T17:41:12.930000
1.244,2026-06-17T17:41:12.932000
1.246,2026-06-17T17:41:12.934000
1.248,2026-06-17T17:41:12.936000
1.25,2026-06-17T17:41:12.938000
1.252,2026-06-17T17:41:12.940000
1.254,2026-06-17T17:41:12.942000
1.256,2026-06-17T17:41:12.944000
1.258,2026-06-17T17:41:12.946000
1.26,2026-06-17T17:41:12.948000
1.262,2026-06-17T17:41:12.950000
1.264,2026-06-17T17:41:12.952000
1.266,2026-06-17T17:41:12.954000
1.268,2026-06-17T17:41:12.956000
1.27,2026-06-17T17:41:12.958000
1.272,2026-06-17T17:41:12.960000
1.274,2026-06-17T17:41:12.962000
1.276,2026-06-17T17:41:12.964000
1.278,2026-06-17T17:41:12.966000
1.28,2026-06-17T17:41:12.968000
1.282,2026-06-17T17:41:12.970000
1.284,2026-06-17T17:41:12.972000
1.286,2026-06-17T17:41:12.974000
1.288,2026-06-17T17:41:12.976000
1.29,2026-06-17T17:41:12.978000
1.292,2026-06-17T17:41:12.980000
1.294,2026-06-17T17:41:12.982000
1.296,2026-06-17T17:41:12.984000
1.298,2026-06-17T17:41:12.986000
1.3,2026-06-17T17:41:12.988000
1.302,2026-06-17T17:41:12.990000
1.304,2026-06-17T17:41:12.992000
1.306,2026-06-17T17:41:12.994000
1.308,2026-06-17T17:41:12.996000
1.31,2026-06-17T17:41:12.998000
1.312,2026-06-17T17:41:13.000000
1.314,2026-06-17T17:41:13.002000
1.316,2026-06-17T17:41:13.004000
1.318,2026-06-17T17:41:13.006000
1.32,2026-06-17T17:41:13.008000
1.322,2026-06-17T17:41:13.010000
1.324,2026-06-17T17:41:13.012000
1.326,2026-06-17T17:41:13.014000
1.328,2026-06-17T17:41:13.016000
1.33,2026-06-17T17:41:13.018000
1.332,2026-06-17T17:41:13.020000
1.334,2026-06-17T17:41:13.022000
1.336,2026-06-17T17:41:13.024000
1.338,2026-06-17T17:41:13.026000
1.34,2026-06-17T17:41:13.028000
1.342,2026-06-17T17:41:13.030000
1.344,2026-06-17T17:41:13.032000
1.346,2026-06-17T17:41:13.034000
1.348,2026-06-17T17:41:13.036000
1.35,2026-06-17T17:41:13.038000
1.352,2026-06-17T17:41:13.040000
1.354,2026-06-17T17:41:13.042000
1.356,2026-06-17T17:41:13.044000
1.358,2026-06-17T17:41:13.046000
1.36,2026-06-17T17:41:13.048000
1.362,2026-06-17T17:41:13.050000
1.364,2026-06-17T17:41:13.052000
1.366,2026-06-17T17:41:13.054000
1.368,2026-06-17T17:41:13.056000
1.37,2026-06-17T17:41:13.058000
1.372,2026-06-17T17:41:13.060000
1.374,2026-06-17T17:41:13.062000
1.376,2026-06-17T17:41:13.064000
1.378,2026-06-17T17:41:13.066000
1.38,2026-06-17T17:41:13.068000
1.382,2026-06-17T17:41:13.070000
1.384,2026-06-17T17:41:13.072000
1.386,2026-06-17T17:41:13.074000
1.388,2026-06-17T17:41:13.076000
1.39,2026-06-17T17:41:13.078000
1.392,2026-06-17T17:41:13.080000
1.394,2026-06-17T17:41:13.082000
1.396,2026-06-17T17:41:13.084000
1.398,2026-06-17T17:41:13.086000
1.4,2026-06-17T17:41:13.088000
1.402,2026-06-17T17:41:13.090000
1.404,2026-06-17T17:41:13.092000
1.406,2026-06-17T17:41:13.094000
1.408,2026-06-17T17:41:13.096000
1.41,2026-06-17T17:41:13.098000
1.412,2026-06-17T17:41:13.100000
1.414,2026-06-17T17:41:13.102000
1.416,2026-06-17T17:41:13.104000
1.418,2026-06-17T17:41:13.106000
1.42,2026-06-17T17:41:13.108000
1.422,2026-06-17T17:41:13.110000
1.424,2026-06-17T17:41:13.112000
1.426,2026-06-17T17:41:13.114000
1.428,2026-06-17T17:41:13.116000
1.43,2026-06-17T17:41:13.118000
1.432,2026-06-17T17:41:13.120000
1.434,2026-06-17T17:41:13.122000
1.436,2026-06-17T17:41:13.124000
1.438,2026-06-17T17:41:13.126000
1.44,2026-06-17T17:41:13.128000
1.442,2026-06-17T17:41:13.130000
1.444,2026-06-17T17:41:13.132000
1.446,2026-06-17T17:41:13.134000
1.448,2026-06-17T17:41:13.136000
1.45,2026-06-17T17:41:13.138000
1.452,2026-06-17T17:41:13.140000
1.454,2026-06-17T17:41:13.142000
1.456,2026-06-17T17:41:13.144000
1.458,2026-06-17T17:41:13.146000
1.46,2026-06-17T17:41:13.148000
1.462,2026-06-17T17:41:13.150000
1.464,2026-06-17T17:41:13.152000
1.466,2026-06-17T17:41:13.154000
1.468,2026-06-17T17:41:13.156000
1.47,2026-06-17T17:41:13.158000
1.472,2026-06-17T17:41:13.160000
1.474,2026-06-17T17:41:13.162000
1.476,2026-06-17T17:41:13.164000
1.478,2026-06-17T17:41:13.166000
1.48,2026-06-17T17:41:13.168000
1.482,2026-06-17T17:41:13.170000
1.484,2026-06-17T17:41:13.172000
1.486,2026-06-17T17:41:13.174000
1.488,2026-06-17T17:41:13.176000
1.49,2026-06-17T17:41:13.178000
1.492,2026-06-17T17:41:13.180000
1.494,2026-06-17T17:41:13.182000
1.496,2026-06-17T17:41:13.184000
1.498,2026-06-17T17:41:13.186000
1.5,2026-06-17T17:41:13.188000
1.502,2026-06-17T17:41:13.190000
1.504,2026-06-17T17:41:13.192000
1.506,2026-06-17T17:41:13.194000
1.508,2026-06-17T17:41:13.196000
1.51,2026-06-17T17:41:13.198000
1.512,2026-06-17T17:41:13.200000
1.514,2026-06-17T17:41:13.202000
1.516,2026-06-17T17:41:13.204000
1.518,2026-06-17T17:41:13.206000
1.52,2026-06-17T17:41:13.208000
1.522,2026-06-17T17:41:13.210000
1.524,2026-06-17T17:41:13.212000
1.526,2026-06-17T17:41:13.214000
1.528,2026-06-17T17:41:13.216000
1.53,2026-06-17T17:41:13.218000
1.532,2026-06-17T17:41:13.220000
1.534,2026-06-17T17:41:13.222000
1.536,2026-06-17T17:41:13.224000
1.538,2026-06-17T17:41:13.226000
1.54,2026-06-17T17:41:13.228000
1.542,2026-06-17T17:41:13.230000
1.544,2026-06-17T17:41:13.232000
1.546,2026-06-17T17:41:13.234000
1.548,2026-06-17T17:41:13.236000
1.55,2026-06-17T17:41:13.238000
1.552,2026-06-17T17:41:13.240000
1.554,2026-06-17T17:41:13.242000
1.556,2026-06-17T17:41:13.244000
1.558,2026-06-17T17:41:13.246000
1.56,2026-06-17T17:41:13.248000
1.562,2026-06-17T17:41:13.250000
1.564,2026-06-17T17:41:13.252000
1.566,2026-06-17T17:41:13.254000
1.568,2026-06-17T17:41:13.256000
1.57,2026-06-17T17:41:13.258000
1.572,2026-06-17T17:41:13.260000
1.574,2026-06-17T17:41:13.262000
1.576,2026-06-17T17:41:13.264000
1.578,2026-06-17T17:41:13.266000
1.58,2026-06-17T17:41:13.268000
1.582,2026-06-17T17:41:13.270000
1.584,2026-06-17T17:41:13.272000
1.586,2026-06-17T17:41:13.274000
1.588,2026-06-17T17:41:13.276000
1.59,2026-06-17T17:41:13.278000
1.592,2026-06-17T17:41:13.280000
1.594,2026-06-17T17:41:13.282000
1.596,2026-06-17T17:41:13.284000
1.598,2026-06-17T17:41:13.286000
1.6,2026-06-17T17:41:13.288000
1.602,2026-06-17T17:41:13.290000
1.604,2026-06-17T17:41:13.292000
1.606,2026-06-17T17:41:13.294000
1.608,2026-06-17T17:41:13.296000
1.61,2026-06-17T17:41:13.298000
1.612,2026-06-17T17:41:13.300000
1.614,2026-06-17T17:41:13.302000
1.616,2026-06-17T17:41:13.304000
1.618,2026-06-17T17:41:13.306000
1.62,2026-06-17T17:41:13.308000
1.622,2026-06-17T17:41:13.310000
1.624,2026-06-17T17:41:13.312000
1.626,2026-06-17T17:41:13.314000
1.628,2026-06-17T17:41:13.316000
1.63,2026-06-17T17:41:13.318000
1.632,2026-06-17T17:41:13.320000
1.634,2026-06-17T17:41:13.322000
1.636,2026-06-17T17:41:13.324000
1.638,2026-06-17T17:41:13.326000
1.64,2026-06-17T17:41:13.328000
1.642,2026-06-17T17:41:13.330000
1.644,2026-06-17T17:41:13.332000
1.646,2026-06-17T17:41:13.334000
1.648,2026-06-17T17:41:13.336000
1.65,2026-06-17T17:41:13.338000
1.652,2026-06-17T17:41:13.340000
1.654,2026-06-17T17:41:13.342000
1.656,2026-06-17T17:41:13.344000
1.658,2026-06-17T17:41:13.346000
1.66,2026-06-17T17:41:13.348000
1.662,2026-06-17T17:41:13.350000
1.664,2026-06-17T17:41:13.352000
1.666,2026-06-17T17:41:13.354000
1.668,2026-06-17T17:41:13.356000
1.67,2026-06-17T17:41:13.358000
1.672,2026-06-17T17:41:13.360000
1.674,2026-06-17T17:41:13.362000
1.676,2026-06-17T17:41:13.364000
1.678,2026-06-17T17:41:13.366000
1.68,2026-06-17T17:41:13.368000
1.682,2026-06-17T17:41:13.370000
1.684,2026-06-17T17:41:13.372000
1.686,2026-06-17T17:41:13.374000
1.688,2026-06-17T17:41:13.376000
1.69,2026-06-17T17:41:13.378000
1.692,2026-06-17T17:41:13.380000
1.694,2026-06-17T17:41:13.382000
1.696,2026-06-17T17:41:13.384000
1.698,2026-06-17T17:41:13.386000
1.7,2026-06-17T17:41:13.388000
1.702,2026-06-17T17:41:13.390000
1.704,2026-06-17T17:41:13.392000
1.706,2026-06-17T17:41:13.394000
1.708,2026-06-17T17:41:13.396000
1.71,2026-06-17T17:41:13.398000
1.712,2026-06-17T17:41:13.400000
1.714,2026-06-17T17:41:13.402000
1.716,2026-06-17T17:41:13.404000
1.718,2026-06-17T17:41:13.406000
1.72,2026-06-17T17:41:13.408000
1.722,2026-06-17T17:41:13.410000
1.724,2026-06-17T17:41:13.412000
1.726,2026-06-17T17:41:13.414000
1.728,2026-06-17T17:41:13.416000
1.73,2026-06-17T17:41:13.418000
1.732,2026-06-17T17:41:13.420000
1.734,2026-06-17T17:41:13.422000
1.736,2026-06-17T17:41:13.424000
1.738,2026-06-17T17:41:13.426000
1.74,2026-06-17T17:41:13.428000
1.742,2026-06-17T17:41:13.430000
1.744,2026-06-17T17:41:13.432000
1.746,2026-06-17T17:41:13.434000
1.748,2026-06-17T17:41:13.436000
1.75,2026-06-17T17:41:13.438000
1.752,2026-06-17T17:41:13.440000
1.754,2026-06-17T17:41:13.442000
1.756,2026-06-17T17:41:13.444000
1.758,2026-06-17T17:41:13.446000
1.76,2026-06-17T17:41:13.448000
1.762,2026-06-17T17:41:13.450000
1.764,2026-06-17T17:41:13.452000
1.766,2026-06-17T17:41:13.454000
1.768,2026-06-17T17:41:13.456000
1.77,2026-06-17T17:41:13.458000
1.772,2026-06-17T17:41:13.460000
1.774,2026-06-17T17:41:13.462000
1.776,2026-06-17T17:41:13.464000
1.778,2026-06-17T17:41:13.466000
1.78,2026-06-17T17:41:13.468000
1.782,2026-06-17T17:41:13.470000
1.784,2026-06-17T17:41:13.472000
1.786,2026-06-17T17:41:13.474000
1.788,2026-06-17T17:41:13.476000
1.79,2026-06-17T17:41:13.478000
1.792,2026-06-17T17:41:13.480000
1.794,2026-06-17T17:41:13.482000
1.796,2026-06-17T17:41:13.484000
1.798,2026-06-17T17:41:13.486000
1.8,2026-06-17T17:41:13.488000
1.802,2026-06-17T17:41:13.490000
1.804,2026-06-17T17:41:13.492000
1.806,2026-06-17T17:41:13.494000
1.808,2026-06-17T17:41:13.496000
1.81,2026-06-17T17:41:13.498000
1.812,2026-06-17T17:41:13.500000
1.814,2026-06-17T17:41:13.502000
1.816,2026-06-17T17:41:13.504000
1.818,2026-06-17T17:41:13.506000
1.82,2026-06-17T17:41:13.508000
1.822,2026-06-17T17:41:13.510000
1.824,2026-06-17T17:41:13.512000
1.826,2026-06-17T17:41:13.514000
1.828,2026-06-17T17:41:13.516000
1.83,2026-06-17T17:41:13.518000
1.832,2026-06-17T17:41:13.520000
1.834,2026-06-17T17:41:13.522000
1.836,2026-06-17T17:41:13.524000
1.838,2026-06-17T17:41:13.526000
1.84,2026-06-17T17:41:13.528000
1.842,2026-06-17T17:41:13.530000
1.844,2026-06-17T17:41:13.532000
1.846,2026-06-17T17:41:13.534000
1.848,2026-06-17T17:41:13.536000
1.85,2026-06-17T17:41:13.538000
1.852,2026-06-17T17:41:13.540000
1.854,2026-06-17T17:41:13.542000
1.856,2026-06-17T17:41:13.544000
1.858,2026-06-17T17:41:13.546000
1.86,2026-06-17T17:41:13.548000
1.862,2026-06-17T17:41:13.550000
1.864,2026-06-17T17:41:13.552000
1.866,2026-06-17T17:41:13.554000
1.868,2026-06-17T17:41:13.556000
1.87,2026-06-17T17:41:13.558000
1.872,2026-06-17T17:41:13.560000
1.874,2026-06-17T17:41:13.562000
1.876,2026-06-17T17:41:13.564000
1.878,2026-06-17T17:41:13.566000
1.88,2026-06-17T17:41:13.568000
1.882,2026-06-17T17:41:13.570000
1.884,2026-06-17T17:41:13.572000
1.886,2026-06-17T17:41:13.574000
1.888,2026-06-17T17:41:13.576000
1.89,2026-06-17T17:41:13.578000
1.892,2026-06-17T17:41:13.580000
1.894,2026-06-17T17:41:13.582000
1.896,2026-06-17T17:41:13.584000
1.898,2026-06-17T17:41:13.586000
1.9,2026-06-17T17:41:13.588000
1.902,2026-06-17T17:41:13.590000
1.904,2026-06-17T17:41:13.592000
1.906,2026-06-17T17:41:13.594000
1.908,2026-06-17T17:41:13.596000
1.91,2026-06-17T17:41:13.598000
1.912,2026-06-17T17:41:13.600000
1.914,2026-06-17T17:41:13.602000
1.916,2026-06-17T17:41:13.604000
1.918,2026-06-17T17:41:13.606000
1.92,2026-06-17T17:41:13.608000
1.922,2026-06-17T17:41:13.610000
1.924,2026-06-17T17:41:13.612000
1.926,2026-06-17T17:41:13.614000
1.928,2026-06-17T17:41:13.616000
1.93,2026-06-17T17:41:13.618000
1.932,2026-06-17T17:41:13.620000
1.934,2026-06-17T17:41:13.622000
1.936,2026-06-17T17:41:13.624000
1.938,2026-06-17T17:41:13.626000
1.94,2026-06-17T17:41:13.628000
1.942,2026-06-17T17:41:13.630000
1.944,2026-06-17T17:41:13.632000
1.946,2026-06-17T17:41:13.634000
1.948,2026-06-17T17:41:13.636000
1.95,2026-06-17T17:41:13.638000
1.952,2026-06-17T17:41:13.640000
1.954,2026-06-17T17:41:13.642000
1.956,2026-06-17T17:41:13.644000
1.958,2026-06-17T17:41:13.646000
1.96,2026-06-17T17:41:13.648000
1.962,2026-06-17T17:41:13.650000
1.964,2026-06-17T17:41:13.652000
1.966,2026-06-17T17:41:13.654000
1.968,2026-06-17T17:41:13.656000
1.97,2026-06-17T17:41:13.658000
1.972,2026-06-17T17:41:13.660000
1.974,2026-06-17T17:41:13.662000
1.976,2026-06-17T17:41:13.664000
1.978,2026-06-17T17:41:13.666000
1.98,2026-06-17T17:41:13.668000
1.982,2026-06-17T17:41:13.670000
1.984,2026-06-17T17:41:13.672000
1.986,2026-06-17T17:41:13.674000
1.988,2026-06-17T17:41:13.676000
1.99,2026-06-17T17:41:13.678000
1.992,2026-06-17T17:41:13.680000
1.994,2026-06-17T17:41:13.682000
1.996,2026-06-17T17:41:13.684000
1.998,2026-06-17T17:41:13.686000
2,2026-06-17T17:41:13.688000
2.002,2026-06-17T17:41:13.690000
2.004,2026-06-17T17:41:13.692000
2.006,2026-06-17T17:41:13.694000
2.008,2026-06-17T17:41:13.696000
2.01,2026-06-17T17:41:13.698000
2.012,2026-06-17T17:41:13.700000
2.014,2026-06-17T17:41:13.702000
2.016,2026-06-17T17:41:13.704000
2.018,2026-06-17T17:41:13.706000
2.02,2026-06-17T17:41:13.708000
2.022,2026-06-17T17:41:13.710000
2.024,2026-06-17T17:41:13.712000
2.026,2026-06-17T17:41:13.714000
2.028,2026-06-17T17:41:13.716000
2.03,2026-06-17T17:41:13.718000
2.032,2026-06-17T17:41:13.720000
2.034,2026-06-17T17:41:13.722000
2.036,2026-06-17T17:41:13.724000
2.038,2026-06-17T17:41:13.726000
2.04,2026-06-17T17:41:13.728000
2.042,2026-06-17T17:41:13.730000
2.044,2026-06-17T17:41:13.732000
2.046,2026-06-17T17:41:13.734000
2.048,2026-06-17T17:41:13.736000
2.05,2026-06-17T17:41:13.738000
2.052,2026-06-17T17:41:13.740000
2.054,2026-06-17T17:41:13.742000
2.056,2026-06-17T17:41:13.744000
2.058,2026-06-17T17:41:13.746000
2.06,2026-06-17T17:41:13.748000
2.062,2026-06-17T17:41:13.750000
2.064,2026-06-17T17:41:13.752000
2.066,2026-06-17T17:41:13.754000
2.068,2026-06-17T17:41:13.756000
2.07,2026-06-17T17:41:13.758000
2.072,2026-06-17T17:41:13.760000
2.074,2026-06-17T17:41:13.762000
2.076,2026-06-17T17:41:13.764000
2.078,2026-06-17T17:41:13.766000
2.08,2026-06-17T17:41:13.768000
2.082,2026-06-17T17:41:13.770000
2.084,2026-06-17T17:41:13.772000
2.086,2026-06-17T17:41:13.774000
2.088,2026-06-17T17:41:13.776000
2.09,2026-06-17T17:41:13.778000
2.092,2026-06-17T17:41:13.780000
2.094,2026-06-17T17:41:13.782000
2.096,2026-06-17T17:41:13.784000
2.098,2026-06-17T17:41:13.786000
2.1,2026-06-17T17:41:13.788000
2.102,2026-06-17T17:41:13.790000
2.104,2026-06-17T17:41:13.792000
2.106,2026-06-17T17:41:13.794000
2.108,2026-06-17T17:41:13.796000
2.11,2026-06-17T17:41:13.798000
2.112,2026-06-17T17:41:13.800000
2.114,2026-06-17T17:41:13.802000
2.116,2026-06-17T17:41:13.804000
2.118,2026-06-17T17:41:13.806000
2.12,2026-06-17T17:41:13.808000
2.122,2026-06-17T17:41:13.810000
2.124,2026-06-17T17:41:13.812000
2.126,2026-06-17T17:41:13.814000
2.128,2026-06-17T17:41:13.816000
2.13,2026-06-17T17:41:13.818000
2.132,2026-06-17T17:41:13.820000
2.134,2026-06-17T17:41:13.822000
2.136,2026-06-17T17:41:13.824000
2.138,2026-06-17T17:41:13.826000
2.14,2026-06-17T17:41:13.828000
2.142,2026-06-17T17:41:13.830000
2.144,2026-06-17T17:41:13.832000
2.146,2026-06-17T17:41:13.834000
2.148,2026-06-17T17:41:13.836000
2.15,2026-06-17T17:41:13.838000
2.152,2026-06-17T17:41:13.840000
2.154,2026-06-17T17:41:13.842000
2.156,2026-06-17T17:41:13.844000
2.158,2026-06-17T17:41:13.846000
2.16,2026-06-17T17:41:13.848000
2.162,2026-06-17T17:41:13.850000
2.164,2026-06-17T17:41:13.852000
2.166,2026-06-17T17:41:13.854000
2.168,2026-06-17T17:41:13.856000
2.17,2026-06-17T17:41:13.858000
2.172,2026-06-17T17:41:13.860000
2.174,2026-06-17T17:41:13.862000
2.176,2026-06-17T17:41:13.864000
2.178,2026-06-17T17:41:13.866000
2.18,2026-06-17T17:41:13.868000
2.182,2026-06-17T17:41:13.870000
2.184,2026-06-17T17:41:13.872000
2.186,2026-06-17T17:41:13.874000
2.188,2026-06-17T17:41:13.876000
2.19,2026-06-17T17:41:13.878000
2.192,2026-06-17T17:41:13.880000
2.194,2026-06-17T17:41:13.882000
2.196,2026-06-17T17:41:13.884000
2.198,2026-06-17T17:41:13.886000
2.2,2026-06-17T17:41:13.888000
2.202,2026-06-17T17:41:13.890000
2.204,2026-06-17T17:41:13.892000
2.206,2026-06-17T17:41:13.894000
2.208,2026-06-17T17:41:13.896000
2.21,2026-06-17T17:41:13.898000
2.212,2026-06-17T17:41:13.900000
2.214,2026-06-17T17:41:13.902000
2.216,2026-06-17T17:41:13.904000
2.218,2026-06-17T17:41:13.906000
2.22,2026-06-17T17:41:13.908000
2.222,2026-06-17T17:41:13.910000
2.224,2026-06-17T17:41:13.912000
2.226,2026-06-17T17:41:13.914000
2.228,2026-06-17T17:41:13.916000
2.23,2026-06-17T17:41:13.918000
2.232,2026-06-17T17:41:13.920000
2.234,2026-06-17T17:41:13.922000
2.236,2026-06-17T17:41:13.924000
2.238,2026-06-17T17:41:13.926000
2.24,2026-06-17T17:41:13.928000
2.242,2026-06-17T17:41:13.930000
2.244,2026-06-17T17:41:13.932000
2.246,2026-06-17T17:41:13.934000
2.248,2026-06-17T17:41:13.936000
2.25,2026-06-17T17:41:13.938000
2.252,2026-06-17T17:41:13.940000
2.254,2026-06-17T17:41:13.942000
2.256,2026-06-17T17:41:13.944000
2.258,2026-06-17T17:41:13.946000
2.26,2026-06-17T17:41:13.948000
2.262,2026-06-17T17:41:13.950000
2.264,2026-06-17T17:41:13.952000
2.266,2026-06-17T17:41:13.954000
2.268,2026-06-17T17:41:13.956000
2.27,2026-06-17T17:41:13.958000
2.272,2026-06-17T17:41:13.960000
2.274,2026-06-17T17:41:13.962000
2.276,2026-06-17T17:41:13.964000
2.278,2026-06-17T17:41:13.966000
2.28,2026-06-17T17:41:13.968000
2.282,2026-06-17T17:41:13.970000
2.284,2026-06-17T17:41:13.972000
2.286,2026-06-17T17:41:13.974000
2.288,2026-06-17T17:41:13.976000
2.29,2026-06-17T17:41:13.978000
2.292,2026-06-17T17:41:13.980000
2.294,2026-06-17T17:41:13.982000
2.296,2026-06-17T17:41:13.984000
2.298,2026-06-17T17:41:13.986000
2.3,2026-06-17T17:41:13.988000
2.302,2026-06-17T17:41:13.990000
2.304,2026-06-17T17:41:13.992000
2.306,2026-06-17T17:41:13.994000
2.308,2026-06-17T17:41:13.996000
2.31,2026-06-17T17:41:13.998000
2.312,2026-06-17T17:41:14.000000
2.314,2026-06-17T17:41:14.002000
2.316,2026-06-17T17:41:14.004000
2.318,2026-06-17T17:41:14.006000
2.32,2026-06-17T17:41:14.008000
2.322,2026-06-17T17:41:14.010000
2.324,2026-06-17T17:41:14.012000
2.326,2026-06-17T17:41:14.014000
2.328,2026-06-17T17:41:14.016000
2.33,2026-06-17T17:41:14.018000
2.332,2026-06-17T17:41:14.020000
2.334,2026-06-17T17:41:14.022000
2.336,2026-06-17T17:41:14.024000
2.338,2026-06-17T17:41:14.026000
2.34,2026-06-17T17:41:14.028000
2.342,2026-06-17T17:41:14.030000
2.344,2026-06-17T17:41:14.032000
2.346,2026-06-17T17:41:14.034000
2.348,2026-06-17T17:41:14.036000
2.35,2026-06-17T17:41:14.038000
2.352,2026-06-17T17:41:14.040000
2.354,2026-06-17T17:41:14.042000
2.356,2026-06-17T17:41:14.044000
2.358,2026-06-17T17:41:14.046000
2.36,2026-06-17T17:41:14.048000
2.362,2026-06-17T17:41:14.050000
2.364,2026-06-17T17:41:14.052000
2.366,2026-06-17T17:41:14.054000
2.368,2026-06-17T17:41:14.056000
2.37,2026-06-17T17:41:14.058000
2.372,2026-06-17T17:41:14.060000
2.374,2026-06-17T17:41:14.062000
2.376,2026-06-17T17:41:14.064000
2.378,2026-06-17T17:41:14.066000
2.38,2026-06-17T17:41:14.068000
2.382,2026-06-17T17:41:14.070000
2.384,2026-06-17T17:41:14.072000
2.386,2026-06-17T17:41:14.074000
2.388,2026-06-17T17:41:14.076000
2.39,2026-06-17T17:41:14.078000
2.392,2026-06-17T17:41:14.080000
2.394,2026-06-17T17:41:14.082000
2.396,2026-06-17T17:41:14.084000
2.398,2026-06-17T17:41:14.086000
2.4,2026-06-17T17:41:14.088000
2.402,2026-06-17T17:41:14.090000
2.404,2026-06-17T17:41:14.092000
2.406,2026-06-17T17:41:14.094000
2.408,2026-06-17T17:41:14.096000
2.41,2026-06-17T17:41:14.098000
2.412,2026-06-17T17:41:14.100000
2.414,2026-06-17T17:41:14.102000
2.416,2026-06-17T17:41:14.104000
2.418,2026-06-17T17:41:14.106000
2.42,2026-06-17T17:41:14.108000
2.422,2026-06-17T17:41:14.110000
2.424,2026-06-17T17:41:14.112000
2.426,2026-06-17T17:41:14.114000
2.428,2026-06-17T17:41:14.116000
2.43,2026-06-17T17:41:14.118000
2.432,2026-06-17T17:41:14.120000
2.434,2026-06-17T17:41:14.122000
2.436,2026-06-17T17:41:14.124000
2.438,2026-06-17T17:41:14.126000
2.44,2026-06-17T17:41:14.128000
2.442,2026-06-17T17:41:14.130000
2.444,2026-06-17T17:41:14.132000
2.446,2026-06-17T17:41:14.134000
2.448,2026-06-17T17:41:14.136000
2.45,2026-06-17T17:41:14.138000
2.452,2026-06-17T17:41:14.140000
2.454,2026-06-17T17:41:14.142000
2.456,2026-06-17T17:41:14.144000
2.458,2026-06-17T17:41:14.146000
2.46,2026-06-17T17:41:14.148000
2.462,2026-06-17T17:41:14.150000
2.464,2026-06-17T17:41:14.152000
2.466,2026-06-17T17:41:14.154000
2.468,2026-06-17T17:41:14.156000
2.47,2026-06-17T17:41:14.158000
2.472,2026-06-17T17:41:14.160000
2.474,2026-06-17T17:41:14.162000
2.476,2026-06-17T17:41:14.164000
2.478,2026-06-17T17:41:14.166000
2.48,2026-06-17T17:41:14.168000
2.482,2026-06-17T17:41:14.170000
2.484,2026-06-17T17:41:14.172000
2.486,2026-06-17T17:41:14.174000
2.488,2026-06-17T17:41:14.176000
2.49,2026-06-17T17:41:14.178000
2.492,2026-06-17T17:41:14.180000
2.494,2026-06-17T17:41:14.182000
2.496,2026-06-17T17:41:14.184000
2.498,2026-06-17T17:41:14.186000
2.5,2026-06-17T17:41:14.188000
2.502,2026-06-17T17:41:14.190000
2.504,2026-06-17T17:41:14.192000
2.506,2026-06-17T17:41:14.194000
2.508,2026-06-17T17:41:14.196000
2.51,2026-06-17T17:41:14.198000
2.512,2026-06-17T17:41:14.200000
2.514,2026-06-17T17:41:14.202000
2.516,2026-06-17T17:41:14.204000
2.518,2026-06-17T17:41:14.206000
2.52,2026-06-17T17:41:14.208000
2.522,2026-06-17T17:41:14.210000
2.524,2026-06-17T17:41:14.212000
2.526,2026-06-17T17:41:14.214000
2.528,2026-06-17T17:41:14.216000
2.53,2026-06-17T17:41:14.218000
2.532,2026-06-17T17:41:14.220000
2.534,2026-06-17T17:41:14.222000
2.536,2026-06-17T17:41:14.224000
2.538,2026-06-17T17:41:14.226000
2.54,2026-06-17T17:41:14.228000
2.542,2026-06-17T17:41:14.230000
2.544,2026-06-17T17:41:14.232000
2.546,2026-06-17T17:41:14.234000
2.548,2026-06-17T17:41:14.236000
2.55,2026-06-17T17:41:14.238000
2.552,2026-06-17T17:41:14.240000
2.554,2026-06-17T17:41:14.242000
2.556,2026-06-17T17:41:14.244000
2.558,2026-06-17T17:41:14.246000
2.56,2026-06-17T17:41:14.248000
2.562,2026-06-17T17:41:14.250000
2.564,2026-06-17T17:41:14.252000
2.566,2026-06-17T17:41:14.254000
2.568,2026-06-17T17:41:14.256000
2.57,2026-06-17T17:41:14.258000
2.572,2026-06-17T17:41:14.260000
2.574,2026-06-17T17:41:14.262000
2.576,2026-06-17T17:41:14.264000
2.578,2026-06-17T17:41:14.266000
2.58,2026-06-17T17:41:14.268000
2.582,2026-06-17T17:41:14.270000
2.584,2026-06-17T17:41:14.272000
2.586,2026-06-17T17:41:14.274000
2.588,2026-06-17T17:41:14.276000
2.59,2026-06-17T17:41:14.278000
2.592,2026-06-17T17:41:14.280000
2.594,2026-06-17T17:41:14.282000
2.596,2026-06-17T17:41:14.284000
2.598,2026-06-17T17:41:14.286000
2.6,2026-06-17T17:41:14.288000
2.602,2026-06-17T17:41:14.290000
2.604,2026-06-17T17:41:14.292000
2.606,2026-06-17T17:41:14.294000
2.608,2026-06-17T17:41:14.296000
2.61,2026-06-17T17:41:14.298000
2.612,2026-06-17T17:41:14.300000
2.614,2026-06-17T17:41:14.302000
2.616,2026-06-17T17:41:14.304000
2.618,2026-06-17T17:41:14.306000
2.62,2026-06-17T17:41:14.308000
2.622,2026-06-17T17:41:14.310000
2.624,2026-06-17T17:41:14.312000
2.626,2026-06-17T17:41:14.314000
2.628,2026-06-17T17:41:14.316000
2.63,2026-06-17T17:41:14.318000
2.632,2026-06-17T17:41:14.320000
2.634,2026-06-17T17:41:14.322000
2.636,2026-06-17T17:41:14.324000
2.638,2026-06-17T17:41:14.326000
2.64,2026-06-17T17:41:14.328000
2.642,2026-06-17T17:41:14.330000
2.644,2026-06-17T17:41:14.332000
2.646,2026-06-17T17:41:14.334000
2.648,2026-06-17T17:41:14.336000
2.65,2026-06-17T17:41:14.338000
2.652,2026-06-17T17:41:14.340000
2.654,2026-06-17T17:41:14.342000
2.656,2026-06-17T17:41:14.344000
2.658,2026-06-17T17:41:14.346000
2.66,2026-06-17T17:41:14.348000
2.662,2026-06-17T17:41:14.350000
2.664,2026-06-17T17:41:14.352000
2.666,2026-06-17T17:41:14.354000
2.668,2026-06-17T17:41:14.356000
2.67,2026-06-17T17:41:14.358000
2.672,2026-06-17T17:41:14.360000
2.674,2026-06-17T17:41:14.362000
2.676,2026-06-17T17:41:14.364000
2.678,2026-06-17T17:41:14.366000
2.68,2026-06-17T17:41:14.368000
2.682,2026-06-17T17:41:14.370000
2.684,2026-06-17T17:41:14.372000
2.686,2026-06-17T17:41:14.374000
2.688,2026-06-17T17:41:14.376000
2.69,2026-06-17T17:41:14.378000
2.692,2026-06-17T17:41:14.380000
2.694,2026-06-17T17:41:14.382000
2.696,2026-06-17T17:41:14.384000
2.698,2026-06-17T17:41:14.386000
2.7,2026-06-17T17:41:14.388000
2.702,2026-06-17T17:41:14.390000
2.704,2026-06-17T17:41:14.392000
2.706,2026-06-17T17:41:14.394000
2.708,2026-06-17T17:41:14.396000
2.71,2026-06-17T17:41:14.398000
2.712,2026-06-17T17:41:14.400000
2.714,2026-06-17T17:41:14.402000
2.716,2026-06-17T17:41:14.404000
2.718,2026-06-17T17:41:14.406000
2.72,2026-06-17T17:41:14.408000
2.722,2026-06-17T17:41:14.410000
2.724,2026-06-17T17:41:14.412000
2.726,2026-06-17T17:41:14.414000
2.728,2026-06-17T17:41:14.416000
2.73,2026-06-17T17:41:14.418000
2.732,2026-06-17T17:41:14.420000
2.734,2026-06-17T17:41:14.422000
2.736,2026-06-17T17:41:14.424000
2.738,2026-06-17T17:41:14.426000
2.74,2026-06-17T17:41:14.428000
2.742,2026-06-17T17:41:14.430000
2.744,2026-06-17T17:41:14.432000
2.746,2026-06-17T17:41:14.434000
2.748,2026-06-17T17:41:14.436000
2.75,2026-06-17T17:41:14.438000
2.752,2026-06-17T17:41:14.440000
2.754,2026-06-17T17:41:14.442000
2.756,2026-06-17T17:41:14.444000
2.758,2026-06-17T17:41:14.446000
2.76,2026-06-17T17:41:14.448000
2.762,2026-06-17T17:41:14.450000
2.764,2026-06-17T17:41:14.452000
2.766,2026-06-17T17:41:14.454000
2.768,2026-06-17T17:41:14.456000
2.77,2026-06-17T17:41:14.458000
2.772,2026-06-17T17:41:14.460000
2.774,2026-06-17T17:41:14.462000
2.776,2026-06-17T17:41:14.464000
2.778,2026-06-17T17:41:14.466000
2.78,2026-06-17T17:41:14.468000
2.782,2026-06-17T17:41:14.470000
2.784,2026-06-17T17:41:14.472000
2.786,2026-06-17T17:41:14.474000
2.788,2026-06-17T17:41:14.476000
2.79,2026-06-17T17:41:14.478000
2.792,2026-06-17T17:41:14.480000
2.794,2026-06-17T17:41:14.482000
2.796,2026-06-17T17:41:14.484000
2.798,2026-06-17T17:41:14.486000
2.8,2026-06-17T17:41:14.488000
2.802,2026-06-17T17:41:14.490000
2.804,2026-06-17T17:41:14.492000
2.806,2026-06-17T17:41:14.494000
2.808,2026-06-17T17:41:14.496000
2.81,2026-06-17T17:41:14.498000
2.812,2026-06-17T17:41:14.500000
2.814,2026-06-17T17:41:14.502000
2.816,2026-06-17T17:41:14.504000
2.818,2026-06-17T17:41:14.506000
2.82,2026-06-17T17:41:14.508000
2.822,2026-06-17T17:41:14.510000
2.824,2026-06-17T17:41:14.512000
2.826,2026-06-17T17:41:14.514000
2.828,2026-06-17T17:41:14.516000
2.83,2026-06-17T17:41:14.518000
